-- MySQL dump 10.13  Distrib 5.5.33, for Win32 (x86)
--
-- Host: localhost    Database: fsun-erp
-- ------------------------------------------------------
-- Server version	5.5.33

/*!40101 SET @OLD_CHARACTER_SET_CLIENT=@@CHARACTER_SET_CLIENT */;
/*!40101 SET @OLD_CHARACTER_SET_RESULTS=@@CHARACTER_SET_RESULTS */;
/*!40101 SET @OLD_COLLATION_CONNECTION=@@COLLATION_CONNECTION */;
/*!40101 SET NAMES utf8 */;
/*!40103 SET @OLD_TIME_ZONE=@@TIME_ZONE */;
/*!40103 SET TIME_ZONE='+00:00' */;
/*!40014 SET @OLD_UNIQUE_CHECKS=@@UNIQUE_CHECKS, UNIQUE_CHECKS=0 */;
/*!40014 SET @OLD_FOREIGN_KEY_CHECKS=@@FOREIGN_KEY_CHECKS, FOREIGN_KEY_CHECKS=0 */;
/*!40101 SET @OLD_SQL_MODE=@@SQL_MODE, SQL_MODE='NO_AUTO_VALUE_ON_ZERO' */;
/*!40111 SET @OLD_SQL_NOTES=@@SQL_NOTES, SQL_NOTES=0 */;

--
-- Table structure for table `bus_customer_info`
--

DROP TABLE IF EXISTS `bus_customer_info`;
/*!40101 SET @saved_cs_client     = @@character_set_client */;
/*!40101 SET character_set_client = utf8 */;
CREATE TABLE `bus_customer_info` (
  `id` varchar(32) NOT NULL,
  `code` varchar(32) DEFAULT NULL,
  `name` varchar(64) DEFAULT NULL,
  `contacts` varchar(32) DEFAULT NULL,
  `address` text,
  `tel` varchar(32) DEFAULT NULL,
  `fax` varchar(32) DEFAULT NULL,
  `description` text,
  `enabled` tinyint(1) DEFAULT NULL,
  PRIMARY KEY (`id`)
) ENGINE=InnoDB DEFAULT CHARSET=utf8;
/*!40101 SET character_set_client = @saved_cs_client */;

--
-- Dumping data for table `bus_customer_info`
--

LOCK TABLES `bus_customer_info` WRITE;
/*!40000 ALTER TABLE `bus_customer_info` DISABLE KEYS */;
INSERT INTO `bus_customer_info` VALUES ('4028d9814ade5767014ade5cc8ac0002','0001','海宁针织','王明','海宁皮革城','18868384668',NULL,NULL,1),('4028d9814b0d019d014b0d2f00b60004','0002','112',NULL,NULL,NULL,NULL,NULL,1);
/*!40000 ALTER TABLE `bus_customer_info` ENABLE KEYS */;
UNLOCK TABLES;

--
-- Table structure for table `bus_factory_info`
--

DROP TABLE IF EXISTS `bus_factory_info`;
/*!40101 SET @saved_cs_client     = @@character_set_client */;
/*!40101 SET character_set_client = utf8 */;
CREATE TABLE `bus_factory_info` (
  `id` char(32) NOT NULL,
  `name` varchar(64) DEFAULT NULL,
  `legal_person` varchar(64) DEFAULT NULL,
  `funds` int(11) DEFAULT NULL,
  `address` text,
  `description` text,
  `enabled` tinyint(1) DEFAULT NULL,
  PRIMARY KEY (`id`)
) ENGINE=InnoDB DEFAULT CHARSET=utf8;
/*!40101 SET character_set_client = @saved_cs_client */;

--
-- Dumping data for table `bus_factory_info`
--

LOCK TABLES `bus_factory_info` WRITE;
/*!40000 ALTER TABLE `bus_factory_info` DISABLE KEYS */;
INSERT INTO `bus_factory_info` VALUES ('4028d9814b2481d8014b24d8e1f80003','小何',NULL,NULL,NULL,NULL,1),('4028d9814b2481d8014b24d912030005','二丫',NULL,NULL,NULL,NULL,1),('4028d9814b2481d8014b24d92a480007','阿明',NULL,NULL,NULL,NULL,1);
/*!40000 ALTER TABLE `bus_factory_info` ENABLE KEYS */;
UNLOCK TABLES;

--
-- Table structure for table `bus_factory_type_product_info`
--

DROP TABLE IF EXISTS `bus_factory_type_product_info`;
/*!40101 SET @saved_cs_client     = @@character_set_client */;
/*!40101 SET character_set_client = utf8 */;
CREATE TABLE `bus_factory_type_product_info` (
  `id` char(32) NOT NULL,
  `factory_id` varchar(32) DEFAULT NULL,
  `product_type_id` varchar(32) DEFAULT NULL,
  `product_id` varchar(32) DEFAULT NULL,
  PRIMARY KEY (`id`)
) ENGINE=InnoDB DEFAULT CHARSET=utf8;
/*!40101 SET character_set_client = @saved_cs_client */;

--
-- Dumping data for table `bus_factory_type_product_info`
--

LOCK TABLES `bus_factory_type_product_info` WRITE;
/*!40000 ALTER TABLE `bus_factory_type_product_info` DISABLE KEYS */;
/*!40000 ALTER TABLE `bus_factory_type_product_info` ENABLE KEYS */;
UNLOCK TABLES;

--
-- Table structure for table `bus_order_detail`
--

DROP TABLE IF EXISTS `bus_order_detail`;
/*!40101 SET @saved_cs_client     = @@character_set_client */;
/*!40101 SET character_set_client = utf8 */;
CREATE TABLE `bus_order_detail` (
  `id` char(32) NOT NULL,
  `order_id` varchar(32) DEFAULT NULL,
  `product_name` varchar(64) DEFAULT NULL,
  `product_code` varchar(32) DEFAULT NULL,
  `number` int(11) DEFAULT NULL,
  `real_number` int(11) DEFAULT NULL,
  `spec` varchar(32) DEFAULT NULL,
  `unit` varchar(32) DEFAULT NULL,
  `one_price` double(10,2) DEFAULT NULL,
  `all_price` double(10,1) DEFAULT NULL,
  `description` text,
  `enabled` tinyint(1) DEFAULT NULL,
  PRIMARY KEY (`id`)
) ENGINE=InnoDB DEFAULT CHARSET=utf8 COMMENT='进货信息表的基本信息\r\n';
/*!40101 SET character_set_client = @saved_cs_client */;

--
-- Dumping data for table `bus_order_detail`
--

LOCK TABLES `bus_order_detail` WRITE;
/*!40000 ALTER TABLE `bus_order_detail` DISABLE KEYS */;
INSERT INTO `bus_order_detail` VALUES ('402882a94b33423f014b34d190c8000a','4028d9814b11f116014b11f1d54f0002','玫瑰','0006',123,1241,NULL,'只',9.00,1107.0,NULL,1),('402882a94b33423f014b34d1d16b000c','4028d9814b11f116014b11f1d54f0002','蘑菇','0003',333,123,NULL,'只',2.00,666.0,NULL,1),('402882a94b33423f014b34d20417000e','4028d9814b11f116014b11f1d54f0002','1234','0008',4444,9000,NULL,'只',1.00,4444.0,NULL,1),('4028d9814b1772df014b179a34640014','4028d9814b11f116014b11feb53e0007','蘑菇','0003',123,0,NULL,'只',10.00,1230.0,NULL,1),('4028d9814b17a0ab014b17a14b480002','4028d9814b11f116014b11feb53e0007','1234','0008',1000,0,NULL,'只',0.00,0.0,NULL,1),('4028d9814b2449b8014b2450d4530002','4028d9814b11f116014b11f1d54f0002','1321435','0007',111,0,NULL,'只',11.00,1221.0,'123456789123456789123456789123456789',1),('4028d9814b38646c014b388615e20002','4028d9814b1ff5f4014b1ff892e50002','1234','0008',111,124,NULL,'只',1.00,111.0,'超页的意思是担心会破坏CSS控制的格式是吧。',1),('4028d9814b4f2e69014b4f35f55b0002','4028d9814b45b0af014b45b478b80007','蘑菇','0003',111,0,NULL,'只',1.00,111.0,NULL,1),('4028d9814b4f2e69014b4f362c740004','4028d9814b45b0af014b45b478b80007','1234','0008',222,0,NULL,'只',2.00,444.0,NULL,1),('4028d9814b4f2e69014b4f3660420006','4028d9814b45b0af014b45b478b80007','玫瑰','0006',333,0,NULL,'只',3.00,999.0,NULL,1),('4028d9814b4f2e69014b4f3688e90008','4028d9814b45b0af014b45b478b80007','1321435','0007',444,0,NULL,'只',4.00,1776.0,NULL,1),('4028d9814b4f2e69014b4f36cacb000a','4028d9814b45b0af014b45b478b80007','蘑菇','0003',200,0,NULL,'只',1.00,200.0,NULL,1),('4028d9814b4f2e69014b4f36f96b000c','4028d9814b45b0af014b45b478b80007','蘑菇','0003',300,0,NULL,'只',2.00,600.0,NULL,1),('4028d9814b4f2e69014b4f372cac000e','4028d9814b45b0af014b45b478b80007','1234','0008',222,0,NULL,'只',1.00,222.0,NULL,1),('4028d9814b4f2e69014b4f376fd50010','4028d9814b45b0af014b45b478b80007','1321435','0007',222,0,NULL,'只',2.00,444.0,NULL,1),('4028d9814b4f2e69014b4f37a6ee0012','4028d9814b45b0af014b45b478b80007','1321435','0007',11,0,NULL,'只',1.00,11.0,NULL,1),('4028d9814b4f2e69014b4f37da300014','4028d9814b45b0af014b45b478b80007','玫瑰','0006',111,0,NULL,'只',1.00,111.0,NULL,1),('4028d9814b4f2e69014b4f38b8c20016','4028d9814b45b0af014b45b478b80007','1321435','0007',111,0,NULL,'只',1.00,111.0,NULL,1),('4028d9814b4f2e69014b4f38d3070018','4028d9814b45b0af014b45b478b80007','蘑菇','0003',900,0,NULL,'只',9.00,8100.0,NULL,1),('4028d9814b4f2e69014b4f396194001b','4028d9814b45b0af014b45b478b80007','玫瑰','0006',9000,0,NULL,'只',1.00,9000.0,NULL,1),('4028d9814b4f2e69014b4f39c113001d','4028d9814b45b0af014b45b478b80007','1234','0008',700,590,NULL,'只',0.90,630.0,NULL,1),('4028d9814b523933014b527e112e0003','4028d9814b45b0af014b45b478b80007','蘑菇','0003',1,0,NULL,'只',1.00,1.0,NULL,1),('4028d9814b523933014b527e3bd80005','4028d9814b45b0af014b45b478b80007','蘑菇','0003',1,0,NULL,'只',1.00,1.0,NULL,1),('4028d9814b523933014b527e59390007','4028d9814b45b0af014b45b478b80007','蘑菇','0003',1,0,NULL,'只',1.00,1.0,NULL,1),('4028d9814b523933014b527e79490009','4028d9814b45b0af014b45b478b80007','蘑菇','0003',1,0,NULL,'只',1.00,1.0,NULL,1),('4028d9814b523933014b527fa1c9000b','402882a94b33423f014b34d61f9f0010','蘑菇','0003',1,0,NULL,'只',1.00,1.0,NULL,1),('4028d9814b523933014b527fba69000d','402882a94b33423f014b34d61f9f0010','蘑菇','0003',1,0,NULL,'只',1.00,1.0,NULL,1),('4028d9814b523933014b527fd3d5000f','402882a94b33423f014b34d61f9f0010','蘑菇','0003',1,0,NULL,'只',1.00,1.0,NULL,1),('4028d9814b523933014b527fef140011','402882a94b33423f014b34d61f9f0010','蘑菇','0003',1,0,NULL,'只',1.00,1.0,NULL,1),('4028d9814b523933014b5280093a0013','402882a94b33423f014b34d61f9f0010','蘑菇','0003',1,0,NULL,'只',1.00,1.0,NULL,1),('4028d9814b523933014b528028cd0015','402882a94b33423f014b34d61f9f0010','蘑菇','0003',1,0,NULL,'只',1.00,1.0,NULL,1),('4028d9814b523933014b528044b80017','402882a94b33423f014b34d61f9f0010','蘑菇','0003',1,0,NULL,'只',1.00,1.0,NULL,1),('4028d9814b523933014b528061ac0019','402882a94b33423f014b34d61f9f0010','蘑菇','0003',1,0,NULL,'只',2.00,2.0,NULL,1),('4028d9814b523933014b528080f1001b','402882a94b33423f014b34d61f9f0010','蘑菇','0003',1,0,NULL,'只',1.00,1.0,NULL,1),('4028d9814b523933014b52809f2c001d','402882a94b33423f014b34d61f9f0010','蘑菇','0003',1,0,NULL,'只',1.00,1.0,NULL,1),('4028d9814b54b335014b54b6b5d90002','402882a94b33423f014b34d61f9f0010','蘑菇','0003',1,0,NULL,'只',1.00,1.0,NULL,1),('4028d9814b54b335014b54f9f4a00006','4028d9814b45b0af014b45b478b80007','1234','0008',1,0,NULL,'只',1.00,1.0,NULL,1),('4028d9814b54b335014b54fa181c0008','4028d9814b45b0af014b45b478b80007','1234','0008',1,0,NULL,'只',1.00,1.0,NULL,1),('4028d9814b54b335014b54fa35ce000a','4028d9814b45b0af014b45b478b80007','玫瑰','0006',1,0,NULL,'只',1.00,1.0,NULL,1),('4028d9814b54b335014b54fa5eb2000c','4028d9814b45b0af014b45b478b80007','蘑菇','0003',1,0,NULL,'只',1.00,1.0,NULL,1),('4028d9814b54b335014b54fa8226000e','4028d9814b45b0af014b45b478b80007','1234','0008',1,0,NULL,'只',1.00,1.0,NULL,1),('4028d9814b54b335014b54faa8a50010','4028d9814b45b0af014b45b478b80007','玫瑰','0006',2,0,NULL,'只',3.00,6.0,NULL,1),('4028d9814b54b335014b54facb560012','4028d9814b45b0af014b45b478b80007','玫瑰','0006',2,0,NULL,'只',1.00,2.0,NULL,1),('4028d9814b54b335014b54faec3b0014','4028d9814b45b0af014b45b478b80007','玫瑰','0006',1,0,NULL,'只',1.00,1.0,NULL,1),('4028d9814b54b335014b54fb11770016','4028d9814b45b0af014b45b478b80007','玫瑰','0006',22,0,NULL,'只',2.00,44.0,NULL,1),('4028d9814b54b335014b54fb2df70018','4028d9814b45b0af014b45b478b80007','玫瑰','0006',1,0,NULL,'只',1.00,1.0,NULL,1),('4028d9814b54b335014b54fb519d001a','4028d9814b45b0af014b45b478b80007','1321435','0007',1,0,NULL,'只',1.00,1.0,NULL,1),('4028d9814b54b335014b54fb8816001c','4028d9814b45b0af014b45b478b80007','1321435','0007',1,0,NULL,'只',1.00,1.0,NULL,1),('4028d9814b54b335014b54fc3997001e','4028d9814b45b0af014b45b478b80007','1321435','0007',2,0,NULL,'只',2.00,4.0,NULL,1),('4028d9814b54b335014b54fc647f0020','4028d9814b45b0af014b45b478b80007','1234','0008',2,0,NULL,'只',2.00,4.0,NULL,1),('4028d9814b54b335014b54fc84140022','4028d9814b45b0af014b45b478b80007','1321435','0007',22,0,NULL,'只',2.00,44.0,NULL,1),('4028d9814b54b335014b54fca54f0024','4028d9814b45b0af014b45b478b80007','玫瑰','0006',22,0,NULL,'只',2.00,44.0,NULL,1),('4028d9814b54b335014b54fccc2e0026','4028d9814b45b0af014b45b478b80007','1321435','0007',1,1,NULL,'只',NULL,0.0,NULL,1),('4028d9814b54b335014b54fcee460028','4028d9814b45b0af014b45b478b80007','1321435','0007',22,0,NULL,'只',1.00,22.0,NULL,1),('4028d9814b54b335014b54fd1d0b002a','4028d9814b45b0af014b45b478b80007','玫瑰','0006',22,0,NULL,'只',2.00,44.0,NULL,1),('4028d9814b54b335014b54fd3956002c','4028d9814b45b0af014b45b478b80007','1321435','0007',22,0,NULL,'只',2.00,44.0,NULL,1),('4028d9814b54b335014b54fd57a4002e','4028d9814b45b0af014b45b478b80007','1234','0008',222,0,NULL,'只',1.00,222.0,NULL,1),('4028d9814b54b335014b54fd75f70030','4028d9814b45b0af014b45b478b80007','1234','0008',2,0,NULL,'只',2.00,4.0,NULL,1),('4028d9814b54b335014b54fe845b0032','4028d9814b45b0af014b45b478b80007','玫瑰','0006',22,0,NULL,'只',2.00,44.0,NULL,1),('4028d9814b54b335014b54feb5ce0034','4028d9814b45b0af014b45b478b80007','玫瑰','0006',2,0,NULL,'只',2.00,4.0,NULL,1),('4028d9814b54b335014b54fecae70036','4028d9814b45b0af014b45b478b80007','1321435','0007',44,0,NULL,'只',2.00,88.0,NULL,1),('4028d9814b54b335014b54ff70e70039','4028d9814b45b0af014b45b478b80007','1234','0008',22,0,NULL,'只',2.00,44.0,NULL,1),('4028d9814b54b335014b54ff9f75003b','4028d9814b45b0af014b45b478b80007','1321435','0007',22,0,NULL,'只',2.00,44.0,NULL,1);
/*!40000 ALTER TABLE `bus_order_detail` ENABLE KEYS */;
UNLOCK TABLES;

--
-- Table structure for table `bus_order_info`
--

DROP TABLE IF EXISTS `bus_order_info`;
/*!40101 SET @saved_cs_client     = @@character_set_client */;
/*!40101 SET character_set_client = utf8 */;
CREATE TABLE `bus_order_info` (
  `id` char(32) NOT NULL,
  `code` varchar(32) DEFAULT NULL,
  `order_type` varchar(32) DEFAULT NULL,
  `customer_name` varchar(64) DEFAULT NULL,
  `customer_code` varchar(32) DEFAULT NULL,
  `receive_time` date DEFAULT NULL,
  `express` varchar(32) DEFAULT NULL,
  `contract` varchar(32) DEFAULT NULL,
  `set_way` varchar(32) DEFAULT NULL,
  `all_price` double(10,1) DEFAULT NULL,
  `is_get` tinyint(1) DEFAULT NULL,
  `status` varchar(32) DEFAULT NULL,
  `produce_print_status` tinyint(1) DEFAULT NULL,
  `print_status` tinyint(1) DEFAULT NULL,
  `strip` int(11) DEFAULT NULL,
  `number` int(11) DEFAULT NULL,
  `description` text,
  `enabled` tinyint(1) DEFAULT NULL,
  `priority` int(11) DEFAULT NULL,
  `create_man_id` char(32) DEFAULT NULL,
  `create_time` datetime DEFAULT NULL,
  `update_man_id` char(32) DEFAULT NULL,
  `create_man_name` varchar(32) DEFAULT NULL,
  `update_time` datetime DEFAULT NULL,
  `merchandiser_id` varchar(32) DEFAULT NULL,
  `merchand_time` datetime DEFAULT NULL,
  PRIMARY KEY (`id`)
) ENGINE=InnoDB DEFAULT CHARSET=utf8 COMMENT='订单信息表的基本信息';
/*!40101 SET character_set_client = @saved_cs_client */;

--
-- Dumping data for table `bus_order_info`
--

LOCK TABLES `bus_order_info` WRITE;
/*!40000 ALTER TABLE `bus_order_info` DISABLE KEYS */;
INSERT INTO `bus_order_info` VALUES ('402882a94b33423f014b34d61f9f0010','2015010004','新单','112','0002','2015-01-29',NULL,NULL,'0',0.0,0,'已下单',1,1,0,0,NULL,NULL,NULL,'402882be46404313014640b7eb1c000f','2015-01-29 00:00:00',NULL,'超级管理员',NULL,'402882be46404313014640b7eb1c000f','2015-01-29 16:45:18'),('4028d9814b11f116014b11f1d54f0002','2015010001','新单','海宁针织','0001','2015-01-22',NULL,NULL,NULL,0.0,0,'已下单',0,1,0,0,'123456789123456789123456789123456789',NULL,NULL,'402882be46404313014640b7eb1c000f','2015-01-22 00:00:00','402882be46404313014640b7eb1c000f','超级管理员','2015-01-29 15:52:42',NULL,NULL),('4028d9814b11f116014b11feb53e0007','2015010002','返单','112','0002','2015-01-22',NULL,NULL,'0',0.0,0,'已结单',1,1,0,0,NULL,NULL,NULL,'402882be46404313014640b7eb1c000f','2015-01-22 00:00:00','402882be46404313014640b7eb1c000f','超级管理员','2015-01-24 20:06:38',NULL,NULL),('4028d9814b1ff5f4014b1ff892e50002','2015010003','返单','海宁针织','0001','2015-01-25',NULL,NULL,'0',0.0,0,'已下单',0,0,0,0,'aaa',NULL,NULL,'402882be46404313014640b7eb1c000f','2015-01-25 00:00:00','402882be46404313014640b7eb1c000f','超级管理员','2015-01-29 22:33:54',NULL,NULL),('4028d9814b45b0af014b45b478b80007','2015020005','新单','海宁针织','0001','2015-02-01',NULL,NULL,'0',0.0,0,'已结单',1,1,0,0,NULL,NULL,NULL,'402882be46404313014640b7eb1c000f','2015-02-01 00:00:00',NULL,'超级管理员',NULL,'402882be46404313014640b7eb1c000f','2015-02-01 23:14:32');
/*!40000 ALTER TABLE `bus_order_info` ENABLE KEYS */;
UNLOCK TABLES;

--
-- Table structure for table `bus_product_info`
--

DROP TABLE IF EXISTS `bus_product_info`;
/*!40101 SET @saved_cs_client     = @@character_set_client */;
/*!40101 SET character_set_client = utf8 */;
CREATE TABLE `bus_product_info` (
  `id` varchar(32) NOT NULL,
  `code` varchar(32) DEFAULT NULL,
  `name` varchar(64) DEFAULT NULL,
  `price` decimal(10,1) DEFAULT NULL,
  `icon` varchar(64) DEFAULT NULL,
  `film` tinyint(1) DEFAULT NULL,
  `scotch` tinyint(1) DEFAULT NULL,
  `material` varchar(32) DEFAULT NULL,
  `open_num` int(11) DEFAULT NULL,
  `papers` int(11) DEFAULT NULL,
  `prints` int(11) DEFAULT NULL,
  `open_size` varchar(32) DEFAULT NULL,
  `open_method` text,
  `layout` varchar(16) DEFAULT NULL,
  `model` varchar(32) DEFAULT NULL,
  `outsourc` tinyint(1) DEFAULT NULL,
  `process` varchar(32) DEFAULT NULL,
  `description` text,
  `enabled` tinyint(1) DEFAULT NULL,
  PRIMARY KEY (`id`)
) ENGINE=InnoDB DEFAULT CHARSET=utf8;
/*!40101 SET character_set_client = @saved_cs_client */;

--
-- Dumping data for table `bus_product_info`
--

LOCK TABLES `bus_product_info` WRITE;
/*!40000 ALTER TABLE `bus_product_info` DISABLE KEYS */;
INSERT INTO `bus_product_info` VALUES ('4028d9814ae72f25014ae73861ad0006','0003','蘑菇',NULL,'/2015/1/14/14212185646703.jpg',1,1,NULL,NULL,NULL,NULL,NULL,NULL,NULL,NULL,1,'UV,上光,烫金,覆膜,切纸',NULL,1),('4028d9814af8b49b014af8b7b51e0002','0008','1234',NULL,'/2015/1/18/14215119966941.jpg',0,0,NULL,12,NULL,2,NULL,NULL,'单面',NULL,1,'UV,上光',NULL,1),('f3652abd4af6aec3014af6d2f2840004','0006','玫瑰',NULL,'/2015/1/17/14214802274042.jpg',1,1,'一二三',16,NULL,NULL,NULL,NULL,'单面',NULL,1,'碰刀,UV,上光,烫金,覆膜,切纸',NULL,1),('f3652abd4af71bef014af720d9020002','0007','1321435',NULL,'/2015/1/17/14214853326843.jpg',1,1,NULL,NULL,NULL,NULL,NULL,NULL,NULL,NULL,1,NULL,NULL,1);
/*!40000 ALTER TABLE `bus_product_info` ENABLE KEYS */;
UNLOCK TABLES;

--
-- Table structure for table `bus_product_type_info`
--

DROP TABLE IF EXISTS `bus_product_type_info`;
/*!40101 SET @saved_cs_client     = @@character_set_client */;
/*!40101 SET character_set_client = utf8 */;
CREATE TABLE `bus_product_type_info` (
  `id` char(32) NOT NULL,
  `type_name` varchar(64) DEFAULT NULL,
  `unit` varchar(32) DEFAULT NULL,
  `description` text,
  `enabled` tinyint(1) DEFAULT NULL,
  PRIMARY KEY (`id`)
) ENGINE=InnoDB DEFAULT CHARSET=utf8;
/*!40101 SET character_set_client = @saved_cs_client */;

--
-- Dumping data for table `bus_product_type_info`
--

LOCK TABLES `bus_product_type_info` WRITE;
/*!40000 ALTER TABLE `bus_product_type_info` DISABLE KEYS */;
/*!40000 ALTER TABLE `bus_product_type_info` ENABLE KEYS */;
UNLOCK TABLES;

--
-- Table structure for table `bus_type_product_info`
--

DROP TABLE IF EXISTS `bus_type_product_info`;
/*!40101 SET @saved_cs_client     = @@character_set_client */;
/*!40101 SET character_set_client = utf8 */;
CREATE TABLE `bus_type_product_info` (
  `id` char(32) NOT NULL,
  `product_type_id` varchar(32) DEFAULT NULL,
  `product_id` varchar(32) DEFAULT NULL,
  PRIMARY KEY (`id`)
) ENGINE=InnoDB DEFAULT CHARSET=utf8;
/*!40101 SET character_set_client = @saved_cs_client */;

--
-- Dumping data for table `bus_type_product_info`
--

LOCK TABLES `bus_type_product_info` WRITE;
/*!40000 ALTER TABLE `bus_type_product_info` DISABLE KEYS */;
/*!40000 ALTER TABLE `bus_type_product_info` ENABLE KEYS */;
UNLOCK TABLES;

--
-- Table structure for table `r_role_menu`
--

DROP TABLE IF EXISTS `r_role_menu`;
/*!40101 SET @saved_cs_client     = @@character_set_client */;
/*!40101 SET character_set_client = utf8 */;
CREATE TABLE `r_role_menu` (
  `id` char(32) NOT NULL COMMENT 'ID',
  `role_id` char(32) DEFAULT NULL COMMENT '角色ID',
  `menu_id` char(32) DEFAULT NULL COMMENT '菜单ID',
  PRIMARY KEY (`id`)
) ENGINE=MyISAM DEFAULT CHARSET=utf8 COMMENT='角色菜单表';
/*!40101 SET character_set_client = @saved_cs_client */;

--
-- Dumping data for table `r_role_menu`
--

LOCK TABLES `r_role_menu` WRITE;
/*!40000 ALTER TABLE `r_role_menu` DISABLE KEYS */;
INSERT INTO `r_role_menu` VALUES ('4028d9814b38a40a014b38bf835e0018','297ea07f3da970a6013daa018581000c','4028d9814af28328014af32663aa0006'),('4028d9814b38a40a014b38bf835e0017','297ea07f3da970a6013daa018581000c','4028d9814aa3d39e014aa3d617580002'),('4028d9814b38a40a014b38bf835e0016','297ea07f3da970a6013daa018581000c','297ea07f40516d39014051bbae940001'),('4028d9814b38a40a014b38bf835e0015','297ea07f3da970a6013daa018581000c','297ea07f3da06a5e013da09a94cf0004'),('4028d9814b38a40a014b38bf835e0014','297ea07f3da970a6013daa018581000c','297ea07f3da06a5e013da099ebcd0003'),('4028d9814b38a40a014b38bf835e0013','297ea07f3da970a6013daa018581000c','297ea07f3da06a5e013da09960e30002'),('4028d9814b38a40a014b38bf835e0012','297ea07f3da970a6013daa018581000c','297ea07f3da06a5e013da0aee03e0005'),('4028d9814b38a40a014b38bf835e0011','297ea07f3da970a6013daa018581000c','297ea07f3e35f0a0013e35f8a5e00001'),('4028d9814b38a40a014b38bf835e0010','297ea07f3da970a6013daa018581000c','297ea07f3da06a5e013da098bf150001'),('4028d9814b38a40a014b38bf835e000f','297ea07f3da970a6013daa018581000c','4028d9814a6d50f1014a6d5d00fb0077'),('4028d9814b38a40a014b38bf835e000e','297ea07f3da970a6013daa018581000c','4028d9814a6d50f1014a6d56d4850074'),('4028d9814b38a40a014b38bf835e000d','297ea07f3da970a6013daa018581000c','4028d9814adc1ba0014adc1db9d90002'),('4028d9814b38a40a014b38bf835e000c','297ea07f3da970a6013daa018581000c','4028888e49cc3b620149cc5540ee00fa'),('4028d9814b38a40a014b38bf835e000b','297ea07f3da970a6013daa018581000c','4028888e49cc3b620149cc56b64800fc'),('4028d9814b38a40a014b38bf835e000a','297ea07f3da970a6013daa018581000c','4028888e49d058530149d05a687a0002'),('4028d9814b38a40a014b38bf835e0009','297ea07f3da970a6013daa018581000c','4028888e49cc3b620149cc52cbc900f7'),('4028d9814b38a40a014b38bf835e0008','297ea07f3da970a6013daa018581000c','4028d9814b17de71014b17e6ec4b0003'),('4028d9814b38a40a014b38bf835e0007','297ea07f3da970a6013daa018581000c','4028888e49cc3b620149cc4028dc0005'),('4028d9814b38a40a014b38bf835e0006','297ea07f3da970a6013daa018581000c','4028d981494f5aa601494f60ecfc000a'),('4028d9814b38a40a014b38bf835e0005','297ea07f3da970a6013daa018581000c','402890f03feb8eb5013feb9598640003'),('4028d9814b38a40a014b38bf835e0004','297ea07f3da970a6013daa018581000c','297ea07f3f7e6920013f7e6b2e3c0002');
/*!40000 ALTER TABLE `r_role_menu` ENABLE KEYS */;
UNLOCK TABLES;

--
-- Table structure for table `r_role_power`
--

DROP TABLE IF EXISTS `r_role_power`;
/*!40101 SET @saved_cs_client     = @@character_set_client */;
/*!40101 SET character_set_client = utf8 */;
CREATE TABLE `r_role_power` (
  `id` char(32) NOT NULL COMMENT 'ID',
  `role_id` char(32) DEFAULT NULL COMMENT '角色ID',
  `power_id` char(32) DEFAULT NULL COMMENT '操作ID',
  PRIMARY KEY (`id`)
) ENGINE=MyISAM DEFAULT CHARSET=utf8 COMMENT='角色操作表';
/*!40101 SET character_set_client = @saved_cs_client */;

--
-- Dumping data for table `r_role_power`
--

LOCK TABLES `r_role_power` WRITE;
/*!40000 ALTER TABLE `r_role_power` DISABLE KEYS */;
INSERT INTO `r_role_power` VALUES ('4028d9814b38a40a014b38bf836e006a','297ea07f3da970a6013daa018581000c','4028888e49f4ba790149f5030ae1000c'),('4028d9814b38a40a014b38bf836e0069','297ea07f3da970a6013daa018581000c','4028888e49f4ba790149f5015668000a'),('4028d9814b38a40a014b38bf836e0068','297ea07f3da970a6013daa018581000c','4028888e49e62c670149e62e58aa0004'),('4028d9814b38a40a014b38bf836e0067','297ea07f3da970a6013daa018581000c','4028888e49e62c670149e62dd2d00002'),('4028d9814b38a40a014b38bf836e0066','297ea07f3da970a6013daa018581000c','4028888e49dfa6d80149dfa8f3340004'),('4028d9814b38a40a014b38bf836e0065','297ea07f3da970a6013daa018581000c','4028888e49dfa6d80149dfa877380002'),('4028d9814b38a40a014b38bf836e0064','297ea07f3da970a6013daa018581000c','4028d98149d5445f0149d54bfe900002'),('4028d9814b38a40a014b38bf836e0063','297ea07f3da970a6013daa018581000c','4028888e49d058530149d05b8c200006'),('4028d9814b38a40a014b38bf836e0062','297ea07f3da970a6013daa018581000c','4028888e49d058530149d05b18b70004'),('4028d9814b38a40a014b38bf836e0061','297ea07f3da970a6013daa018581000c','402882a542fa2d9f0142fa6c7fe300a4'),('4028d9814b38a40a014b38bf836e0060','297ea07f3da970a6013daa018581000c','402882a542fa2d9f0142fa6c32a000a2'),('4028d9814b38a40a014b38bf836e005f','297ea07f3da970a6013daa018581000c','402882a542fa2d9f0142fa6bbf9400a0'),('4028d9814b38a40a014b38bf836e005e','297ea07f3da970a6013daa018581000c','402882a542fa2d9f0142fa6b7333009e'),('4028d9814b38a40a014b38bf836e005d','297ea07f3da970a6013daa018581000c','402882a542fa2d9f0142fa6a9a17009a'),('4028d9814b38a40a014b38bf836e005c','297ea07f3da970a6013daa018581000c','402882a542fa2d9f0142fa6a58560098'),('4028d9814b38a40a014b38bf836e005b','297ea07f3da970a6013daa018581000c','402882a542fa2d9f0142fa6a1f710096'),('4028d9814b38a40a014b38bf836e005a','297ea07f3da970a6013daa018581000c','402882a542fa2d9f0142fa69a7650094'),('4028d9814b38a40a014b38bf836e0059','297ea07f3da970a6013daa018581000c','402882a542fa2d9f0142fa693feb0092'),('4028d9814b38a40a014b38bf836e0058','297ea07f3da970a6013daa018581000c','402882a542fa2d9f0142fa686b09008e'),('4028d9814b38a40a014b38bf836e0057','297ea07f3da970a6013daa018581000c','402882a542fa2d9f0142fa681215008c'),('4028d9814b38a40a014b38bf836e0056','297ea07f3da970a6013daa018581000c','402882a542fa2d9f0142fa6788950088'),('4028d9814b38a40a014b38bf836e0055','297ea07f3da970a6013daa018581000c','402882a542fa2d9f0142fa67520a0086'),('4028d9814b38a40a014b38bf836e0054','297ea07f3da970a6013daa018581000c','402882a542ff39ce0142ff9818ea00c0'),('4028d9814b38a40a014b38bf836e0053','297ea07f3da970a6013daa018581000c','4028d9814b0cfc2a014b0d0001fe0008'),('4028d9814b38a40a014b38bf836e0052','297ea07f3da970a6013daa018581000c','4028d9814b0cfc2a014b0d00602b000a'),('4028d9814b38a40a014b38bf836e0051','297ea07f3da970a6013daa018581000c','4028d9814b0cfc2a014b0d00d06c000c'),('4028d9814b38a40a014b38bf836e0050','297ea07f3da970a6013daa018581000c','4028d9814b0cfc2a014b0cfdbe820002'),('4028d9814b38a40a014b38bf836e004f','297ea07f3da970a6013daa018581000c','4028d9814b0cfc2a014b0cfec1e80004'),('4028d9814b38a40a014b38bf836e004e','297ea07f3da970a6013daa018581000c','402882a542fa2d9f0142fa66642f0081'),('4028d9814b38a40a014b38bf836e004d','297ea07f3da970a6013daa018581000c','402882a542fa2d9f0142fa65a09a007d'),('4028d9814b38a40a014b38bf836e004c','297ea07f3da970a6013daa018581000c','402882a542fa2d9f0142fa657141007b'),('4028d9814b38a40a014b38bf836e004b','297ea07f3da970a6013daa018581000c','402882a542ff39ce0142ff98687300c2'),('4028d9814b38a40a014b38bf836e004a','297ea07f3da970a6013daa018581000c','402882a542ff39ce0142ff3dcc000003'),('4028d9814b38a40a014b38bf836e0049','297ea07f3da970a6013daa018581000c','402882a542fa2d9f0142fa56fa3a0059'),('4028d9814b38a40a014b38bf836e0048','297ea07f3da970a6013daa018581000c','402882a542fa2d9f0142fa56c2fb0057'),('4028d9814b38a40a014b38bf836e0047','297ea07f3da970a6013daa018581000c','402882a542fa2d9f0142fa568f3a0055'),('4028d9814b38a40a014b38bf836e0046','297ea07f3da970a6013daa018581000c','402882a542fa2d9f0142fa5cb32c006e'),('4028d9814b38a40a014b38bf836e0045','297ea07f3da970a6013daa018581000c','402882a542fa2d9f0142fa513013003e'),('4028d9814b38a40a014b38bf836e0044','297ea07f3da970a6013daa018581000c','402882a542fa2d9f0142fa4d79c60036'),('4028d9814b38a40a014b38bf836e0043','297ea07f3da970a6013daa018581000c','402882a542fa2d9f0142fa4d1b4d0034'),('4028d9814b38a40a014b38bf836e0042','297ea07f3da970a6013daa018581000c','402882a542fa2d9f0142fa4cd40b0032'),('4028d9814b38a40a014b38bf836e0041','297ea07f3da970a6013daa018581000c','402882a542fa2d9f0142fa4b81db002e'),('4028d9814b38a40a014b38bf836e0040','297ea07f3da970a6013daa018581000c','402882a542fa2d9f0142fa4af7a1002c'),('4028d9814b38a40a014b38bf836e003f','297ea07f3da970a6013daa018581000c','402882a542fa2d9f0142fa4a77fa0029'),('4028d9814b38a40a014b38bf836e003e','297ea07f3da970a6013daa018581000c','4028803c41243da901425956bf8f000b'),('4028d9814b38a40a014b38bf836e003d','297ea07f3da970a6013daa018581000c','297ea07f3fc27b1a013fc283e7c30004'),('4028d9814b38a40a014b38bf836e003c','297ea07f3da970a6013daa018581000c','402880e73f3b3caa013f3c5278990014'),('4028d9814b38a40a014b38bf836e003b','297ea07f3da970a6013daa018581000c','297ea07f3e359d13013e35a15ecc0004'),('4028d9814b38a40a014b38bf836e003a','297ea07f3da970a6013daa018581000c','297ea07f3e359d13013e359fe4af0003'),('4028d9814b38a40a014b38bf836e006b','297ea07f3da970a6013daa018581000c','4028d9814b38a40a014b38beb1b60002'),('4028d9814b38a40a014b38bf836e0039','297ea07f3da970a6013daa018581000c','4028d9814b1275e3014b1282a983000b'),('4028d9814b38a40a014b38bf836e0038','297ea07f3da970a6013daa018581000c','4028d9814b1275e3014b12821a940009'),('4028d9814b38a40a014b38bf836e0037','297ea07f3da970a6013daa018581000c','4028d9814b1275e3014b127c85a60006'),('4028d9814b38a40a014b38bf836e0036','297ea07f3da970a6013daa018581000c','4028d9814b1275e3014b127b9dcc0004'),('4028d9814b38a40a014b38bf836e0035','297ea07f3da970a6013daa018581000c','4028d9814b1275e3014b127b01b90002'),('4028d9814b38a40a014b38bf836e0034','297ea07f3da970a6013daa018581000c','297ea07f422b5f8401422b6029390001'),('4028d9814b38a40a014b38bf836e0033','297ea07f3da970a6013daa018581000c','297ea07f3e34a15b013e34a1e4260001'),('4028d9814b38a40a014b38bf836e0032','297ea07f3da970a6013daa018581000c','297ea07f3e346d19013e346e4bb70001'),('4028d9814b38a40a014b38bf836e0031','297ea07f3da970a6013daa018581000c','4028820744b428f30144b575f9440012'),('4028d9814b38a40a014b38bf836e0030','297ea07f3da970a6013daa018581000c','4028820744b428f30144b575724f0010'),('4028d9814b38a40a014b38bf836e002f','297ea07f3da970a6013daa018581000c','4028d9814adc8f1e014adc90e72a0004'),('4028d9814b38a40a014b38bf836e002e','297ea07f3da970a6013daa018581000c','4028d9814adc8f1e014adc9051e10002'),('4028d9814b38a40a014b38bf836e002d','297ea07f3da970a6013daa018581000c','4028d9814adc8f1e014adc92168c000a'),('4028d9814b38a40a014b38bf836e002c','297ea07f3da970a6013daa018581000c','4028d9814adc8f1e014adc91c4760008'),('4028d9814b38a40a014b38bf836e002b','297ea07f3da970a6013daa018581000c','4028d9814adc8f1e014adc9157b40006'),('4028d9814b38a40a014b38bf836e002a','297ea07f3da970a6013daa018581000c','4028820744b428f30144b576a5210016'),('4028d9814b38a40a014b38bf836e0029','297ea07f3da970a6013daa018581000c','4028820744b428f30144b5765c4b0014'),('4028d9814b38a40a014b38bf836e0028','297ea07f3da970a6013daa018581000c','402882a542fa2d9f0142fa6d6cdc00a8'),('4028d9814b38a40a014b38bf836e0027','297ea07f3da970a6013daa018581000c','402882a542fa2d9f0142fa6d0b8000a6'),('4028d9814b38a40a014b38bf836e0026','297ea07f3da970a6013daa018581000c','4028888e49cc3b620149cc5767e800fe'),('4028d9814b38a40a014b38bf836e0025','297ea07f3da970a6013daa018581000c','4028888e49cc3b620149cc57ecec0100'),('4028d9814b38a40a014b38bf836e0024','297ea07f3da970a6013daa018581000c','4028888e49d001580149d006b1f60003'),('4028d9814b38a40a014b38bf836e0023','297ea07f3da970a6013daa018581000c','4028888e49d001580149d007288c0007'),('4028d9814b38a40a014b38bf836e0022','297ea07f3da970a6013daa018581000c','4028888e49d001580149d00764c00009'),('4028d9814b38a40a014b38bf836e0021','297ea07f3da970a6013daa018581000c','4028d98149d2bf470149d2c235070002'),('4028d9814b38a40a014b38bf836e0020','297ea07f3da970a6013daa018581000c','4028888e49df4da30149df57b75e0003'),('4028d9814b38a40a014b38bf836e001f','297ea07f3da970a6013daa018581000c','4028888e49e4f0c30149e4fe85780003'),('4028d9814b38a40a014b38bf836e001e','297ea07f3da970a6013daa018581000c','4028888e49e4f0c30149e4ff07fa0005'),('4028d9814b38a40a014b38bf836e001d','297ea07f3da970a6013daa018581000c','4028888e49e4f0c30149e4ffb6c40007'),('4028d9814b38a40a014b38bf836e001c','297ea07f3da970a6013daa018581000c','4028888e49e4f0c30149e5001fc20009'),('4028d9814b38a40a014b38bf836e001b','297ea07f3da970a6013daa018581000c','4028888e49cc3b620149cc584a170102'),('4028d9814b38a40a014b38bf836e001a','297ea07f3da970a6013daa018581000c','4028888e49d001580149d006e7a90005'),('4028d9814b38a40a014b38bf836e0019','297ea07f3da970a6013daa018581000c','4028888e49d058530149d05bdddf0008');
/*!40000 ALTER TABLE `r_role_power` ENABLE KEYS */;
UNLOCK TABLES;

--
-- Table structure for table `r_role_user`
--

DROP TABLE IF EXISTS `r_role_user`;
/*!40101 SET @saved_cs_client     = @@character_set_client */;
/*!40101 SET character_set_client = utf8 */;
CREATE TABLE `r_role_user` (
  `id` char(32) NOT NULL COMMENT 'ID',
  `role_id` char(32) DEFAULT NULL COMMENT '角色ID',
  `user_id` char(32) DEFAULT NULL COMMENT '用户ID',
  PRIMARY KEY (`id`)
) ENGINE=MyISAM DEFAULT CHARSET=utf8 COMMENT='角色用户表';
/*!40101 SET character_set_client = @saved_cs_client */;

--
-- Dumping data for table `r_role_user`
--

LOCK TABLES `r_role_user` WRITE;
/*!40000 ALTER TABLE `r_role_user` DISABLE KEYS */;
INSERT INTO `r_role_user` VALUES ('402882be46404313014640b84ece0013','297ea07f3da970a6013daa018581000c','402882be46404313014640b7eb1c000f');
/*!40000 ALTER TABLE `r_role_user` ENABLE KEYS */;
UNLOCK TABLES;

--
-- Table structure for table `sys_dictionary`
--

DROP TABLE IF EXISTS `sys_dictionary`;
/*!40101 SET @saved_cs_client     = @@character_set_client */;
/*!40101 SET character_set_client = utf8 */;
CREATE TABLE `sys_dictionary` (
  `id` int(10) NOT NULL AUTO_INCREMENT,
  `key` varchar(32) DEFAULT NULL,
  `value` varchar(32) DEFAULT NULL,
  `name` varchar(32) DEFAULT NULL,
  `pid` int(10) DEFAULT NULL,
  `enabled` tinyint(1) DEFAULT NULL,
  `sequence` int(10) DEFAULT NULL,
  PRIMARY KEY (`id`)
) ENGINE=InnoDB AUTO_INCREMENT=38 DEFAULT CHARSET=utf8;
/*!40101 SET character_set_client = @saved_cs_client */;

--
-- Dumping data for table `sys_dictionary`
--

LOCK TABLES `sys_dictionary` WRITE;
/*!40000 ALTER TABLE `sys_dictionary` DISABLE KEYS */;
INSERT INTO `sys_dictionary` VALUES (1,'ORDER_OPERATE','订单操作',NULL,NULL,1,1),(2,'BUYINFO_MANAGE','进货',NULL,1,1,1),(3,'SALEINFO_MANAGE','出货',NULL,1,1,2),(4,'BILL_SUMMARY_GROUP_BY','账单汇总分组',NULL,NULL,1,2),(5,'customer','客户名称','customer',4,1,1),(6,'type','产品分类','typeName',4,1,2),(7,'isGet','是否已付款','hasGet',4,1,3),(8,'completeTime','完工日期','completeTime',4,1,4),(9,'BILL_PRODUCT_TYPE','账单产品种类',NULL,NULL,1,3),(10,'polish','上光','square',9,1,1),(11,'polishProof','上光打样','proof',9,1,3),(12,'UV','UV','single',9,1,2),(13,'UVProof','UV打样','proof',9,1,4),(14,'BILL_CUSTOMER','账单客户',NULL,NULL,1,4),(17,'王伟国','王伟国',NULL,14,1,1),(18,'陆建生','陆建生',NULL,14,1,2),(19,'无名氏','无名氏',NULL,14,1,4),(20,'张生','张生',NULL,14,1,3),(21,'BILL_VALUE_METHODS','计价方式',NULL,NULL,1,5),(22,'square','按平方算(元/平方)',NULL,21,1,2),(23,'single','按单张算(元/张)',NULL,21,1,1),(24,'proof','按打样算(元/份)',NULL,21,1,3),(25,'method','计价方式','methodName',4,1,5),(26,'PRODUCT_LAYOUT','拼版',NULL,NULL,1,6),(27,'单面','单面',NULL,26,1,1),(28,'正反','正反',NULL,26,1,2),(29,'自反','自反',NULL,26,1,3),(30,'PRODUCT_MODEL','生产模型',NULL,NULL,1,7),(31,'PRODUCT_PROCESS','加工类型',NULL,NULL,1,8),(32,'碰刀','碰刀',NULL,31,1,1),(33,'UV','UV',NULL,31,1,2),(34,'上光','上光',NULL,31,1,3),(35,'烫金','烫金',NULL,31,1,4),(36,'覆膜','覆膜',NULL,31,1,5),(37,'切纸','切纸',NULL,31,1,6);
/*!40000 ALTER TABLE `sys_dictionary` ENABLE KEYS */;
UNLOCK TABLES;

--
-- Table structure for table `sys_log`
--

DROP TABLE IF EXISTS `sys_log`;
/*!40101 SET @saved_cs_client     = @@character_set_client */;
/*!40101 SET character_set_client = utf8 */;
CREATE TABLE `sys_log` (
  `id` char(32) NOT NULL,
  `user_id` char(32) DEFAULT NULL COMMENT '操作用户',
  `log_level` tinyint(10) DEFAULT NULL COMMENT '日志级别',
  `operate_time` datetime DEFAULT NULL COMMENT '操作时间',
  `operate_type` tinyint(10) DEFAULT NULL COMMENT '操作类别(1登录、2退出、3插入、4删除、5更新、6打印、7上传、8其他'')',
  `log_content` text COMMENT '日志内容',
  `note` text COMMENT '节点',
  `broswer` varchar(100) DEFAULT NULL COMMENT '浏览器',
  PRIMARY KEY (`id`)
) ENGINE=MyISAM DEFAULT CHARSET=utf8;
/*!40101 SET character_set_client = @saved_cs_client */;

--
-- Dumping data for table `sys_log`
--

LOCK TABLES `sys_log` WRITE;
/*!40000 ALTER TABLE `sys_log` DISABLE KEYS */;
INSERT INTO `sys_log` VALUES ('4028d9814adc1ba0014adc1c34af0001','402882be46404313014640b7eb1c000f',1,'2015-01-12 11:07:23',1,'用户：super登录成功','192.168.89.1','Firefox'),('4028d9814adc1ba0014adc1db9df0003','402882be46404313014640b7eb1c000f',1,'2015-01-12 11:09:03',3,'菜单: 客户信息管理插入成功','192.168.89.1','Firefox'),('4028d9814adc8f1e014adc8f82710001','402882be46404313014640b7eb1c000f',1,'2015-01-12 13:13:20',1,'用户：super登录成功','192.168.89.1','Firefox'),('4028d9814adc8f1e014adc9051e70003','402882be46404313014640b7eb1c000f',1,'2015-01-12 13:14:13',3,'权限: 新增插入成功','192.168.89.1','Firefox'),('4028d9814adc8f1e014adc90e72e0005','402882be46404313014640b7eb1c000f',1,'2015-01-12 13:14:51',3,'权限: 编辑插入成功','192.168.89.1','Firefox'),('4028d9814adc8f1e014adc9157b90007','402882be46404313014640b7eb1c000f',1,'2015-01-12 13:15:20',3,'权限: 删除插入成功','192.168.89.1','Firefox'),('4028d9814adc8f1e014adc91c47a0009','402882be46404313014640b7eb1c000f',1,'2015-01-12 13:15:48',3,'权限: 禁用插入成功','192.168.89.1','Firefox'),('4028d9814adc8f1e014adc921691000b','402882be46404313014640b7eb1c000f',1,'2015-01-12 13:16:09',3,'权限: 选择启用客户插入成功','192.168.89.1','Firefox'),('4028d9814adc8f1e014adc92ce050063','402882be46404313014640b7eb1c000f',1,'2015-01-12 13:16:56',1,'用户：super登录成功','192.168.89.1','Firefox'),('4028d9814adca2c5014adca30f940001','402882be46404313014640b7eb1c000f',1,'2015-01-12 13:34:41',1,'用户：super登录成功','192.168.89.1','Firefox'),('4028d9814adca2c5014adca8c7420002','402882be46404313014640b7eb1c000f',1,'2015-01-12 13:40:56',3,'客户： 111插入成功','192.168.89.1','Firefox'),('4028d9814adcab11014adcab611b0001','402882be46404313014640b7eb1c000f',1,'2015-01-12 13:43:46',1,'用户：super登录成功','192.168.89.1','Firefox'),('4028d9814adcac9c014adcacd91c0001','402882be46404313014640b7eb1c000f',1,'2015-01-12 13:45:22',1,'用户：super登录成功','192.168.89.1','Firefox'),('4028d9814adcaec9014adcaf0f2c0001','402882be46404313014640b7eb1c000f',1,'2015-01-12 13:47:47',1,'用户：super登录成功','192.168.89.1','Firefox'),('4028d9814adcb2b2014adcb314dc0001','402882be46404313014640b7eb1c000f',1,'2015-01-12 13:52:11',1,'用户：super登录成功','192.168.89.1','Firefox'),('4028d9814adcb542014adcb5b6ab0001','402882be46404313014640b7eb1c000f',1,'2015-01-12 13:55:03',1,'用户：super登录成功','192.168.89.1','Firefox'),('4028d9814adcb542014adcb999e70002','402882be46404313014640b7eb1c000f',1,'2015-01-12 13:59:18',3,'客户： 2222插入成功','192.168.89.1','Firefox'),('4028d9814adcb542014adcba1ecc0003','402882be46404313014640b7eb1c000f',1,'2015-01-12 13:59:52',3,'客户： 222插入成功','192.168.89.1','Firefox'),('4028d9814adcb542014adcbaaac20004','402882be46404313014640b7eb1c000f',1,'2015-01-12 14:00:28',3,'客户： 222插入成功','192.168.89.1','Firefox'),('4028d9814adcb542014adcbabd740005','402882be46404313014640b7eb1c000f',1,'2015-01-12 14:00:33',5,'客户ID：4禁用成功','192.168.89.1','Firefox'),('4028d9814adcbc95014adcbcd9f80001','402882be46404313014640b7eb1c000f',1,'2015-01-12 14:02:51',1,'用户：super登录成功','192.168.89.1','Firefox'),('4028d9814adcbc95014adcbcf6290002','402882be46404313014640b7eb1c000f',1,'2015-01-12 14:02:58',3,'客户： 1111插入成功','192.168.89.1','Firefox'),('4028d9814adcbc95014adcbd0c740003','402882be46404313014640b7eb1c000f',1,'2015-01-12 14:03:04',5,'客户ID：5禁用成功','192.168.89.1','Firefox'),('4028d9814adcbf21014adcbf5bb30001','402882be46404313014640b7eb1c000f',1,'2015-01-12 14:05:36',1,'用户：super登录成功','192.168.89.1','Firefox'),('4028d9814adcbf21014adcc209340002','402882be46404313014640b7eb1c000f',1,'2015-01-12 14:08:31',5,'客户ID：4启用成功','192.168.89.1','Firefox'),('4028d9814adcbf21014adcc209400003','402882be46404313014640b7eb1c000f',1,'2015-01-12 14:08:31',5,'客户ID：5启用成功','192.168.89.1','Firefox'),('4028d9814adcbf21014adcc7e7ab0004','402882be46404313014640b7eb1c000f',1,'2015-01-12 14:14:56',3,'客户： 333插入成功','192.168.89.1','Firefox'),('4028d9814add4e12014add4e94cd0001','402882be46404313014640b7eb1c000f',1,'2015-01-12 16:42:02',1,'用户：super登录成功','192.168.89.1','Firefox'),('4028d9814add4e12014add4edf2c0003','402882be46404313014640b7eb1c000f',1,'2015-01-12 16:42:21',3,'客户： 111插入成功','192.168.89.1','Firefox'),('4028d9814add4f2b014add4ff3e10001','402882be46404313014640b7eb1c000f',1,'2015-01-12 16:43:32',1,'用户：super登录成功','192.168.89.1','Firefox'),('4028d9814add691b014add6960d40001','402882be46404313014640b7eb1c000f',1,'2015-01-12 17:11:18',1,'用户：super登录成功','192.168.89.1','Firefox'),('4028d9814add691b014add6989170003','402882be46404313014640b7eb1c000f',1,'2015-01-12 17:11:28',3,'客户： 1111插入成功','192.168.89.1','Firefox'),('4028d9814add691b014add699a200005','402882be46404313014640b7eb1c000f',1,'2015-01-12 17:11:33',3,'客户： 22222插入成功','192.168.89.1','Firefox'),('4028d9814add691b014add69b2cd0007','402882be46404313014640b7eb1c000f',1,'2015-01-12 17:11:39',3,'客户： 3333插入成功','192.168.89.1','Firefox'),('4028d9814add6dd6014add6e47230001','402882be46404313014640b7eb1c000f',1,'2015-01-12 17:16:39',1,'用户：super登录成功','192.168.89.1','Firefox'),('4028d9814add6dd6014add6e64ae0003','402882be46404313014640b7eb1c000f',1,'2015-01-12 17:16:47',3,'客户： 111插入成功','192.168.89.1','Firefox'),('4028d9814add6dd6014add6e7a980005','402882be46404313014640b7eb1c000f',1,'2015-01-12 17:16:52',3,'客户： 222插入成功','192.168.89.1','Firefox'),('4028d9814add6dd6014add6e87800007','402882be46404313014640b7eb1c000f',1,'2015-01-12 17:16:56',3,'客户： 333插入成功','192.168.89.1','Firefox'),('4028d9814add70fd014add715f3d0001','402882be46404313014640b7eb1c000f',1,'2015-01-12 17:20:02',1,'用户：super登录成功','192.168.89.1','Firefox'),('4028d9814add70fd014add717eef0003','402882be46404313014640b7eb1c000f',1,'2015-01-12 17:20:10',3,'客户： 444插入成功','192.168.89.1','Firefox'),('4028d9814add70fd014add7198910005','402882be46404313014640b7eb1c000f',1,'2015-01-12 17:20:17',3,'客户： 53454插入成功','192.168.89.1','Firefox'),('4028d9814ade332e014ade44ed600001','402882be46404313014640b7eb1c000f',1,'2015-01-12 21:11:06',1,'用户：super登录成功','192.168.89.1','Firefox'),('4028d9814ade5767014ade57b66f0001','402882be46404313014640b7eb1c000f',1,'2015-01-12 21:31:37',1,'用户：super登录成功','192.168.89.1','Firefox'),('4028d9814ade5767014ade5cc8bc0003','402882be46404313014640b7eb1c000f',1,'2015-01-12 21:37:10',3,'客户： 海宁针织插入成功','192.168.89.1','Firefox'),('4028d9814ade5767014ade6a19a20005','402882be46404313014640b7eb1c000f',1,'2015-01-12 21:51:43',3,'客户： yyy插入成功','192.168.89.1','Firefox'),('4028d9814ae0c960014ae0ccf6c00001','402882be46404313014640b7eb1c000f',1,'2015-01-13 08:58:56',1,'用户：super登录成功','192.168.89.1','Firefox'),('4028d9814ae1b26a014ae1b2e65f0001','402882be46404313014640b7eb1c000f',1,'2015-01-13 13:10:05',1,'用户：super登录成功','192.168.89.1','Firefox'),('4028d9814ae1db1b014ae1db6ca10001','402882be46404313014640b7eb1c000f',1,'2015-01-13 13:54:21',1,'用户：super登录成功','192.168.89.1','Firefox'),('4028d9814ae1db1b014ae2030d540002','402882be46404313014640b7eb1c000f',1,'2015-01-13 14:37:38',1,'用户：super登录成功','192.168.89.1','Chrome'),('4028d9814ae1db1b014ae223ecaa0003','402882be46404313014640b7eb1c000f',1,'2015-01-13 15:13:32',1,'用户：super登录成功','192.168.89.1','Chrome'),('4028d9814ae1db1b014ae2297d740004','402882be46404313014640b7eb1c000f',1,'2015-01-13 15:19:37',1,'用户：super登录成功','192.168.89.1','Chrome'),('4028d9814ae28530014ae287f01d0001','402882be46404313014640b7eb1c000f',1,'2015-01-13 17:02:47',1,'用户：super登录成功','192.168.89.1','Firefox'),('4028d9814ae32d5b014ae32e43740001','402882be46404313014640b7eb1c000f',1,'2015-01-13 20:04:27',1,'用户：super登录成功','192.168.89.1','Firefox'),('4028d9814ae32d5b014ae334ba5a0002','402882be46404313014640b7eb1c000f',1,'2015-01-13 20:11:31',1,'用户：super登录成功','192.168.89.1','Firefox'),('4028d9814ae36c12014ae36cbfb20001','402882be46404313014640b7eb1c000f',1,'2015-01-13 21:12:42',1,'用户：super登录成功','192.168.89.1','Firefox'),('4028d9814ae3861c014ae38672390001','402882be46404313014640b7eb1c000f',1,'2015-01-13 21:40:46',1,'用户：super登录成功','192.168.89.1','Firefox'),('4028d9814ae3e742014ae3e7859c0001','402882be46404313014640b7eb1c000f',1,'2015-01-13 23:26:48',1,'用户：super登录成功','192.168.89.1','Firefox'),('4028d9814ae3ed7b014ae3eddb530001','402882be46404313014640b7eb1c000f',1,'2015-01-13 23:33:43',1,'用户：super登录成功','192.168.89.1','Firefox'),('4028d9814ae3ed7b014ae3ee481d0003','402882be46404313014640b7eb1c000f',1,'2015-01-13 23:34:11',3,'产品类型： 123插入成功','192.168.89.1','Firefox'),('4028d9814ae3ed7b014ae3fb21df0004','402882be46404313014640b7eb1c000f',1,'2015-01-13 23:48:13',5,'产品类型: 123更新成功','192.168.89.1','Firefox'),('4028d9814ae3ed7b014ae40f111e0005','402882be46404313014640b7eb1c000f',1,'2015-01-14 00:10:00',5,'产品类型: 123更新成功','192.168.89.1','Firefox'),('4028d9814ae3ed7b014ae41105d00006','402882be46404313014640b7eb1c000f',1,'2015-01-14 00:12:08',5,'产品类型: 123更新成功','192.168.89.1','Firefox'),('4028d9814ae3ed7b014ae4153ef20007','402882be46404313014640b7eb1c000f',1,'2015-01-14 00:16:45',5,'产品类型: 123更新成功','192.168.89.1','Firefox'),('4028d9814ae41620014ae416b0520001','402882be46404313014640b7eb1c000f',1,'2015-01-14 00:18:19',1,'用户：super登录成功','192.168.89.1','Firefox'),('4028d9814ae42182014ae4224a7e0001','402882be46404313014640b7eb1c000f',1,'2015-01-14 00:31:00',1,'用户：super登录成功','192.168.89.1','Firefox'),('4028d9814ae4248c014ae424cae70001','402882be46404313014640b7eb1c000f',1,'2015-01-14 00:33:44',1,'用户：super登录成功','192.168.89.1','Firefox'),('4028d9814ae42848014ae428c6290001','402882be46404313014640b7eb1c000f',1,'2015-01-14 00:38:05',1,'用户：super登录成功','192.168.89.1','Firefox'),('4028d9814ae42848014ae42a5c920002','402882be46404313014640b7eb1c000f',1,'2015-01-14 00:39:49',5,'产品类型: 123更新成功','192.168.89.1','Firefox'),('4028d9814ae42eb0014ae42f4ae50001','402882be46404313014640b7eb1c000f',1,'2015-01-14 00:45:12',1,'用户：super登录成功','192.168.89.1','Firefox'),('4028d9814ae42eb0014ae42f870a0003','402882be46404313014640b7eb1c000f',1,'2015-01-14 00:45:27',3,'产品类型： null插入成功','192.168.89.1','Firefox'),('4028d9814ae4390f014ae439a0310001','402882be46404313014640b7eb1c000f',1,'2015-01-14 00:56:29',1,'用户：super登录成功','192.168.89.1','Firefox'),('4028d9814ae4390f014ae439be4a0002','402882be46404313014640b7eb1c000f',1,'2015-01-14 00:56:37',4,'产品类型ID：4028d9814ae42eb0014ae42f86cc0002删除成功','192.168.89.1','Firefox'),('4028d9814ae4390f014ae43aaabf0003','402882be46404313014640b7eb1c000f',1,'2015-01-14 00:57:37',5,'产品类型: 123更新成功','192.168.89.1','Firefox'),('4028d9814ae4390f014ae44f4dc40005','402882be46404313014640b7eb1c000f',1,'2015-01-14 01:20:10',3,'产品类型： 23124插入成功','192.168.89.1','Firefox'),('4028d9814ae4390f014ae44fab5d0006','402882be46404313014640b7eb1c000f',1,'2015-01-14 01:20:34',4,'产品类型ID：4028d9814ae4390f014ae44f4d9b0004删除成功','192.168.89.1','Firefox'),('4028d9814ae4390f014ae44fbf670007','402882be46404313014640b7eb1c000f',1,'2015-01-14 01:20:39',4,'产品类型ID：4028d9814ae3ed7b014ae3ee480d0002删除成功','192.168.89.1','Firefox'),('4028d9814ae5e716014ae5ef7c950001','402882be46404313014640b7eb1c000f',1,'2015-01-14 08:54:45',1,'用户：super登录成功','192.168.89.1','Firefox'),('4028d9814ae5e716014ae5efc83a0003','402882be46404313014640b7eb1c000f',1,'2015-01-14 08:55:04',3,'产品类型： 123插入成功','192.168.89.1','Firefox'),('4028d9814ae5e716014ae5f134b50005','402882be46404313014640b7eb1c000f',1,'2015-01-14 08:56:37',3,'产品类型： 2222插入成功','192.168.89.1','Firefox'),('4028d9814ae5e716014ae5f9a5770006','402882be46404313014640b7eb1c000f',1,'2015-01-14 09:05:50',5,'产品类型: 2222更新成功','192.168.89.1','Firefox'),('4028d9814ae5fb4e014ae5fc01620001','402882be46404313014640b7eb1c000f',1,'2015-01-14 09:08:25',1,'用户：super登录成功','192.168.89.1','Firefox'),('4028d9814ae5fb4e014ae5fc3f410002','402882be46404313014640b7eb1c000f',1,'2015-01-14 09:08:41',5,'产品类型: 2222更新成功','192.168.89.1','Firefox'),('4028d9814ae5fb4e014ae608cb0f0003','402882be46404313014640b7eb1c000f',1,'2015-01-14 09:22:23',1,'用户：super登录成功','192.168.89.1','Firefox'),('4028d9814ae5fb4e014ae60c01e40004','402882be46404313014640b7eb1c000f',1,'2015-01-14 09:25:54',5,'产品类型: 2222更新成功','192.168.89.1','Firefox'),('4028d9814ae5fb4e014ae60c3fb10005','402882be46404313014640b7eb1c000f',1,'2015-01-14 09:26:10',5,'产品类型: 2222更新成功','192.168.89.1','Firefox'),('4028d9814ae5fb4e014ae60cf4980006','402882be46404313014640b7eb1c000f',1,'2015-01-14 09:26:56',5,'产品类型: 2222更新成功','192.168.89.1','Firefox'),('4028d9814ae5fb4e014ae60dd1ec0007','402882be46404313014640b7eb1c000f',1,'2015-01-14 09:27:53',5,'产品类型: 2222更新成功','192.168.89.1','Firefox'),('4028d9814ae5fb4e014ae60ef0e30008','402882be46404313014640b7eb1c000f',1,'2015-01-14 09:29:06',5,'产品类型: 2222更新成功','192.168.89.1','Firefox'),('4028d9814ae5fb4e014ae60fa9010009','402882be46404313014640b7eb1c000f',1,'2015-01-14 09:29:53',5,'产品类型: 2222更新成功','192.168.89.1','Firefox'),('4028d9814ae5fb4e014ae613e901000a','402882be46404313014640b7eb1c000f',1,'2015-01-14 09:34:32',5,'产品类型: 2222更新成功','192.168.89.1','Firefox'),('4028d9814ae5fb4e014ae61401b1000b','402882be46404313014640b7eb1c000f',1,'2015-01-14 09:34:38',5,'产品类型: 2222更新成功','192.168.89.1','Firefox'),('4028d9814ae5fb4e014ae61476e3000c','402882be46404313014640b7eb1c000f',1,'2015-01-14 09:35:08',5,'产品类型: 2222更新成功','192.168.89.1','Firefox'),('4028d9814ae5fb4e014ae6148871000d','402882be46404313014640b7eb1c000f',1,'2015-01-14 09:35:13',5,'产品类型: 2222更新成功','192.168.89.1','Firefox'),('4028d9814ae5fb4e014ae6188152000e','402882be46404313014640b7eb1c000f',1,'2015-01-14 09:39:33',5,'产品类型: 2222更新成功','192.168.89.1','Firefox'),('4028d9814ae5fb4e014ae621a2e7000f','402882be46404313014640b7eb1c000f',1,'2015-01-14 09:49:31',5,'产品类型: 2222更新成功','192.168.89.1','Firefox'),('4028d9814ae5fb4e014ae623e1700010','402882be46404313014640b7eb1c000f',1,'2015-01-14 09:51:58',5,'产品类型: 2222更新成功','192.168.89.1','Firefox'),('4028d9814ae62789014ae6285e2c0001','402882be46404313014640b7eb1c000f',1,'2015-01-14 09:56:52',1,'用户：super登录成功','192.168.89.1','Firefox'),('4028d9814ae62789014ae628a2920002','402882be46404313014640b7eb1c000f',1,'2015-01-14 09:57:10',5,'产品类型: 2222更新成功','192.168.89.1','Firefox'),('4028d9814ae62789014ae628ee340003','402882be46404313014640b7eb1c000f',1,'2015-01-14 09:57:29',5,'产品类型: 2222更新成功','192.168.89.1','Firefox'),('4028d9814ae62789014ae62b5d6f0004','402882be46404313014640b7eb1c000f',1,'2015-01-14 10:00:09',5,'产品类型: 2222更新成功','192.168.89.1','Firefox'),('4028d9814ae62789014ae62b86e10005','402882be46404313014640b7eb1c000f',1,'2015-01-14 10:00:19',5,'产品类型: 2222更新成功','192.168.89.1','Firefox'),('4028d9814ae62789014ae62b9dd50006','402882be46404313014640b7eb1c000f',1,'2015-01-14 10:00:25',5,'产品类型: 2222更新成功','192.168.89.1','Firefox'),('4028d9814ae62789014ae62bc0b10007','402882be46404313014640b7eb1c000f',1,'2015-01-14 10:00:34',5,'产品类型: 2222更新成功','192.168.89.1','Firefox'),('4028d9814ae62789014ae62be5c80008','402882be46404313014640b7eb1c000f',1,'2015-01-14 10:00:44',5,'产品类型: 2222更新成功','192.168.89.1','Firefox'),('4028d9814ae62789014ae62c0d570009','402882be46404313014640b7eb1c000f',1,'2015-01-14 10:00:54',5,'产品类型: 2222更新成功','192.168.89.1','Firefox'),('4028d9814ae642c0014ae642f7c60001','402882be46404313014640b7eb1c000f',1,'2015-01-14 10:25:56',1,'用户：super登录成功','192.168.89.1','Firefox'),('4028d9814ae642c0014ae6431c750002','402882be46404313014640b7eb1c000f',1,'2015-01-14 10:26:05',5,'产品类型: 2222更新成功','192.168.89.1','Firefox'),('4028d9814ae642c0014ae6433faf0003','402882be46404313014640b7eb1c000f',1,'2015-01-14 10:26:14',5,'产品类型: 2222更新成功','192.168.89.1','Firefox'),('4028d9814ae642c0014ae6435acf0004','402882be46404313014640b7eb1c000f',1,'2015-01-14 10:26:21',5,'产品类型: 2222更新成功','192.168.89.1','Firefox'),('4028d9814ae642c0014ae643782d0005','402882be46404313014640b7eb1c000f',1,'2015-01-14 10:26:29',5,'产品类型: 2222更新成功','192.168.89.1','Firefox'),('4028d9814ae642c0014ae64460300006','402882be46404313014640b7eb1c000f',1,'2015-01-14 10:27:28',5,'产品类型: 2222更新成功','192.168.89.1','Firefox'),('4028d9814ae642c0014ae664f66a0007','402882be46404313014640b7eb1c000f',1,'2015-01-14 11:03:04',1,'用户：super登录成功','192.168.89.1','Firefox'),('4028d9814ae642c0014ae6789f1f0009','402882be46404313014640b7eb1c000f',1,'2015-01-14 11:24:32',3,'产品类型： null插入成功','192.168.89.1','Firefox'),('4028d9814ae642c0014ae679b5ea000a','402882be46404313014640b7eb1c000f',1,'2015-01-14 11:25:43',5,'产品类型: null更新成功','192.168.89.1','Firefox'),('4028d9814ae642c0014ae67afc7f000b','402882be46404313014640b7eb1c000f',1,'2015-01-14 11:27:07',5,'产品类型: 1245更新成功','192.168.89.1','Firefox'),('4028d9814ae6a345014ae6a47f9c0001','402882be46404313014640b7eb1c000f',1,'2015-01-14 12:12:27',1,'用户：super登录成功','192.168.89.1','Firefox'),('4028d9814ae6a345014ae6a521d40002','402882be46404313014640b7eb1c000f',1,'2015-01-14 12:13:09',5,'产品类型: 1245更新成功','192.168.89.1','Firefox'),('4028d9814ae6a345014ae6a930780003','402882be46404313014640b7eb1c000f',1,'2015-01-14 12:17:35',4,'产品类型ID：4028d9814ae642c0014ae6789efe0008删除成功','192.168.89.1','Firefox'),('4028d9814ae6a345014ae6a9a8090004','402882be46404313014640b7eb1c000f',1,'2015-01-14 12:18:05',5,'产品类型: 2222更新成功','192.168.89.1','Firefox'),('4028d9814ae6a345014ae6b3cbb10005','402882be46404313014640b7eb1c000f',1,'2015-01-14 12:29:10',5,'产品类型: 2222更新成功','192.168.89.1','Firefox'),('4028d9814ae6a345014ae6b3f2b30006','402882be46404313014640b7eb1c000f',1,'2015-01-14 12:29:20',5,'产品类型: 2222更新成功','192.168.89.1','Firefox'),('4028d9814ae6a345014ae6b41e450007','402882be46404313014640b7eb1c000f',1,'2015-01-14 12:29:31',5,'产品ID：4028d9814ae5e716014ae5f134960004禁用成功','192.168.89.1','Firefox'),('4028d9814ae6b7ec014ae6b8460b0001','402882be46404313014640b7eb1c000f',1,'2015-01-14 12:34:03',1,'用户：super登录成功','192.168.89.1','Firefox'),('4028d9814ae6b7ec014ae6bc4e750002','402882be46404313014640b7eb1c000f',1,'2015-01-14 12:38:28',5,'产品ID：4028d9814ae5e716014ae5f134960004启用成功','192.168.89.1','Firefox'),('4028d9814ae6b7ec014ae6bd87d80003','402882be46404313014640b7eb1c000f',1,'2015-01-14 12:39:48',5,'产品ID：4028d9814ae5e716014ae5f134960004禁用成功','192.168.89.1','Firefox'),('4028d9814ae6b7ec014ae6bd933f0004','402882be46404313014640b7eb1c000f',1,'2015-01-14 12:39:51',5,'产品ID：4028d9814ae5e716014ae5f134960004启用成功','192.168.89.1','Firefox'),('4028d9814ae6d0e9014ae6d3165e0001','402882be46404313014640b7eb1c000f',1,'2015-01-14 13:03:21',1,'用户：super登录成功','192.168.89.1','Firefox'),('4028d9814ae6d449014ae6d49b180001','402882be46404313014640b7eb1c000f',1,'2015-01-14 13:05:00',1,'用户：super登录成功','192.168.89.1','Firefox'),('4028d9814ae6d449014ae6f0f95b0002','402882be46404313014640b7eb1c000f',1,'2015-01-14 13:35:59',1,'用户：super登录成功','192.168.89.1','Firefox'),('4028d9814ae6d449014ae70a514f0003','402882be46404313014640b7eb1c000f',1,'2015-01-14 14:03:40',5,'产品类型: 123更新成功','192.168.89.1','Firefox'),('4028d9814ae6d449014ae70bfbd60004','402882be46404313014640b7eb1c000f',1,'2015-01-14 14:05:29',5,'产品类型: 123更新成功','192.168.89.1','Firefox'),('4028d9814ae6d449014ae70c2cdb0005','402882be46404313014640b7eb1c000f',1,'2015-01-14 14:05:42',5,'产品类型: 123更新成功','192.168.89.1','Firefox'),('4028d9814ae6d449014ae70c70050006','402882be46404313014640b7eb1c000f',1,'2015-01-14 14:05:59',5,'产品类型: 123更新成功','192.168.89.1','Firefox'),('4028d9814ae6d449014ae70d14ab0007','402882be46404313014640b7eb1c000f',1,'2015-01-14 14:06:41',5,'产品类型: 123更新成功','192.168.89.1','Firefox'),('4028d9814ae72f25014ae72f70420001','402882be46404313014640b7eb1c000f',1,'2015-01-14 14:44:13',1,'用户：super登录成功','192.168.89.1','Firefox'),('4028d9814ae72f25014ae733f1610002','402882be46404313014640b7eb1c000f',1,'2015-01-14 14:49:08',5,'产品类型: 123更新成功','192.168.89.1','Firefox'),('4028d9814ae72f25014ae73453900003','402882be46404313014640b7eb1c000f',1,'2015-01-14 14:49:33',5,'产品类型: 2222更新成功','192.168.89.1','Firefox'),('4028d9814ae72f25014ae73484c00004','402882be46404313014640b7eb1c000f',1,'2015-01-14 14:49:46',4,'产品类型ID：4028d9814ae5e716014ae5f134960004删除成功','192.168.89.1','Firefox'),('4028d9814ae72f25014ae73650c90005','402882be46404313014640b7eb1c000f',1,'2015-01-14 14:51:44',5,'产品类型: 123更新成功','192.168.89.1','Firefox'),('4028d9814ae72f25014ae73861cd0007','402882be46404313014640b7eb1c000f',1,'2015-01-14 14:53:59',3,'产品类型： null插入成功','192.168.89.1','Firefox'),('4028d9814ae72f25014ae73885930008','402882be46404313014640b7eb1c000f',1,'2015-01-14 14:54:08',5,'产品类型: null更新成功','192.168.89.1','Firefox'),('4028d9814ae72f25014ae73a4a6d0009','402882be46404313014640b7eb1c000f',1,'2015-01-14 14:56:04',5,'产品类型: null更新成功','192.168.89.1','Firefox'),('4028d9814ae72f25014ae73bba23000a','402882be46404313014640b7eb1c000f',1,'2015-01-14 14:57:38',5,'产品类型: 蘑菇更新成功','192.168.89.1','Firefox'),('4028d9814ae743fa014ae74599b10001','402882be46404313014640b7eb1c000f',1,'2015-01-14 15:08:25',1,'用户：super登录成功','192.168.89.1','Firefox'),('4028d9814ae76e8a014ae76f3ff00001','402882be46404313014640b7eb1c000f',1,'2015-01-14 15:53:55',1,'用户：super登录成功','192.168.89.1','Firefox'),('4028d9814ae787cb014ae78845fb0001','402882be46404313014640b7eb1c000f',1,'2015-01-14 16:21:15',1,'用户：super登录成功','192.168.89.1','Firefox'),('4028d9814ae795af014ae795daca0001','402882be46404313014640b7eb1c000f',1,'2015-01-14 16:36:05',1,'用户：super登录成功','192.168.89.1','Firefox'),('4028d9814ae79851014ae79888420001','402882be46404313014640b7eb1c000f',1,'2015-01-14 16:39:00',1,'用户：super登录成功','192.168.89.1','Firefox'),('4028d9814ae79a47014ae79a7c650001','402882be46404313014640b7eb1c000f',1,'2015-01-14 16:41:08',1,'用户：super登录成功','192.168.89.1','Firefox'),('4028d9814ae79d51014ae79d99860001','402882be46404313014640b7eb1c000f',1,'2015-01-14 16:44:32',1,'用户：super登录成功','192.168.89.1','Firefox'),('4028d9814ae79d51014ae79e8e870003','402882be46404313014640b7eb1c000f',1,'2015-01-14 16:45:35',3,'产品类型： 123插入成功','192.168.89.1','Firefox'),('4028d9814ae7a491014ae7a4ca450001','402882be46404313014640b7eb1c000f',1,'2015-01-14 16:52:24',1,'用户：super登录成功','192.168.89.1','Firefox'),('4028d9814ae7a491014ae7a615930003','402882be46404313014640b7eb1c000f',1,'2015-01-14 16:53:49',3,'产品类型： 1234插入成功','192.168.89.1','Firefox'),('4028d9814ae80d9a014ae80e96b70001','402882be46404313014640b7eb1c000f',1,'2015-01-14 18:47:57',1,'用户：super登录成功','192.168.89.1','Firefox'),('4028d9814ae80d9a014ae810fe790002','402882be46404313014640b7eb1c000f',1,'2015-01-14 18:50:35',1,'用户：super登录成功','192.168.89.1','Firefox'),('4028d9814ae80d9a014ae82609600003','402882be46404313014640b7eb1c000f',1,'2015-01-14 19:13:34',1,'用户：super登录成功','192.168.89.1','Firefox'),('4028d9814ae85f96014ae8600d630001','402882be46404313014640b7eb1c000f',1,'2015-01-14 20:16:56',1,'用户：super登录成功','192.168.89.1','Firefox'),('4028d9814ae868b2014ae869d9930001','402882be46404313014640b7eb1c000f',1,'2015-01-14 20:27:38',1,'用户：super登录成功','192.168.89.1','Firefox'),('4028d9814ae876fe014ae877444a0001','402882be46404313014640b7eb1c000f',1,'2015-01-14 20:42:18',1,'用户：super登录成功','192.168.89.1','Firefox'),('4028d9814ae876fe014ae87854f40002','402882be46404313014640b7eb1c000f',1,'2015-01-14 20:43:27',5,'产品类型: 123更新成功','192.168.89.1','Firefox'),('4028d9814ae87bcb014ae87c081c0001','402882be46404313014640b7eb1c000f',1,'2015-01-14 20:47:30',1,'用户：super登录成功','192.168.89.1','Firefox'),('4028d9814ae87bcb014ae8843e030002','402882be46404313014640b7eb1c000f',1,'2015-01-14 20:56:28',5,'产品类型: 123更新成功','192.168.89.1','Firefox'),('4028d9814ae87bcb014ae8847bee0003','402882be46404313014640b7eb1c000f',1,'2015-01-14 20:56:44',5,'产品类型: 1234更新成功','192.168.89.1','Firefox'),('4028d9814ae89970014ae899b5580001','402882be46404313014640b7eb1c000f',1,'2015-01-14 21:19:55',1,'用户：super登录成功','192.168.89.1','Firefox'),('4028d9814ae89970014ae89c6ed60002','402882be46404313014640b7eb1c000f',1,'2015-01-14 21:22:53',1,'用户：super登录成功','192.168.89.1','Chrome'),('4028d9814ae89970014ae8d722910003','402882be46404313014640b7eb1c000f',1,'2015-01-14 22:27:00',1,'用户：super登录成功','192.168.89.1','Firefox'),('402882d34aeb9c5f014aeb9ea2330001','402882be46404313014640b7eb1c000f',1,'2015-01-15 11:24:09',1,'用户：super登录成功','192.168.2.83','Firefox'),('402882d34aeb9c5f014aebf6ca280002','402882be46404313014640b7eb1c000f',1,'2015-01-15 13:00:27',1,'用户：super登录成功','192.168.2.83','Firefox'),('402882d34aeb9c5f014aec006dc10003','402882be46404313014640b7eb1c000f',1,'2015-01-15 13:10:58',1,'用户：super登录成功','192.168.2.83','其它'),('402882d34aeb9c5f014aec0489b90004','402882be46404313014640b7eb1c000f',1,'2015-01-15 13:15:28',1,'用户：super登录成功','192.168.2.83','Chrome'),('402882d34aeb9c5f014aec1545d20005','402882be46404313014640b7eb1c000f',1,'2015-01-15 13:33:44',1,'用户：super登录成功','192.168.2.83','其它'),('402882d34aeb9c5f014aec3a36450006','402882be46404313014640b7eb1c000f',1,'2015-01-15 14:14:05',1,'用户：super登录成功','192.168.2.83','Firefox'),('402882d34aec8992014aec89f4280001','402882be46404313014640b7eb1c000f',1,'2015-01-15 15:41:11',1,'用户：super登录成功','192.168.2.83','Firefox'),('402882d34aec905f014aec90bfa40001','402882be46404313014640b7eb1c000f',1,'2015-01-15 15:48:36',1,'用户：super登录成功','192.168.2.83','Firefox'),('402882d34aec91bb014aec920f400001','402882be46404313014640b7eb1c000f',1,'2015-01-15 15:50:02',1,'用户：super登录成功','192.168.2.83','Firefox'),('402882d34aec9ff6014aeca0416b0001','402882be46404313014640b7eb1c000f',1,'2015-01-15 16:05:33',1,'用户：super登录成功','192.168.2.83','Firefox'),('402882d34aeca32f014aeca38bee0001','402882be46404313014640b7eb1c000f',1,'2015-01-15 16:09:08',1,'用户：super登录成功','192.168.2.83','Firefox'),('402882d34aeca579014aeca5f0540001','402882be46404313014640b7eb1c000f',1,'2015-01-15 16:11:45',1,'用户：super登录成功','192.168.2.83','Firefox'),('402882d34aecaa90014aecaaecbe0001','402882be46404313014640b7eb1c000f',1,'2015-01-15 16:17:12',1,'用户：super登录成功','192.168.2.83','Firefox'),('4028d9814aedc675014aedc6f22e0001','402882be46404313014640b7eb1c000f',1,'2015-01-15 21:27:25',1,'用户：super登录成功','192.168.89.1','Firefox'),('4028d9814aedc964014aedc9ab2c0001','402882be46404313014640b7eb1c000f',1,'2015-01-15 21:30:24',1,'用户：super登录成功','192.168.89.1','Firefox'),('4028d9814aedcb95014aedcbde1c0001','402882be46404313014640b7eb1c000f',1,'2015-01-15 21:32:48',1,'用户：super登录成功','192.168.89.1','Firefox'),('4028d9814aedd81a014aedd8724c0001','402882be46404313014640b7eb1c000f',1,'2015-01-15 21:46:32',1,'用户：super登录成功','192.168.89.1','Firefox'),('4028d9814aedf4e5014aedf96dec0001','402882be46404313014640b7eb1c000f',1,'2015-01-15 22:22:34',1,'用户：super登录成功','192.168.89.1','Firefox'),('4028d9814aee33b0014aee33f39c0001','402882be46404313014640b7eb1c000f',1,'2015-01-15 23:26:29',1,'用户：super登录成功','192.168.89.1','Firefox'),('4028d9814aee35b1014aee36125a0001','402882be46404313014640b7eb1c000f',1,'2015-01-15 23:28:48',1,'用户：super登录成功','192.168.89.1','Firefox'),('4028d9814aee35b1014aee3753240002','402882be46404313014640b7eb1c000f',1,'2015-01-15 23:30:10',1,'用户：super登录成功','192.168.89.1','Firefox'),('4028d9814aee38c5014aee38f8fd0001','402882be46404313014640b7eb1c000f',1,'2015-01-15 23:31:58',1,'用户：super登录成功','192.168.89.1','Firefox'),('4028d9814aee38c5014aee3c93410002','402882be46404313014640b7eb1c000f',1,'2015-01-15 23:35:54',1,'用户：super登录成功','192.168.89.1','Firefox'),('4028d9814aee38c5014aee3e91a50003','402882be46404313014640b7eb1c000f',1,'2015-01-15 23:38:05',1,'用户：super登录成功','192.168.89.1','Firefox'),('4028d9814aee38c5014aee490f7e0004','402882be46404313014640b7eb1c000f',1,'2015-01-15 23:49:33',1,'用户：super登录成功','192.168.89.1','其它'),('4028d9814aee38c5014aee4f85700005','402882be46404313014640b7eb1c000f',1,'2015-01-15 23:56:36',1,'用户：super登录成功','192.168.89.1','Chrome'),('4028d9814aee38c5014aee656ac00006','402882be46404313014640b7eb1c000f',1,'2015-01-16 00:20:31',1,'用户：super登录成功','192.168.89.1','Firefox'),('4028d9814aee38c5014aee76818a0007','402882be46404313014640b7eb1c000f',1,'2015-01-16 00:39:11',1,'用户：super登录成功','192.168.89.1','MSIE 6.0'),('4028d9814aee38c5014aee7748be0008','402882be46404313014640b7eb1c000f',1,'2015-01-16 00:40:02',1,'用户：super登录成功','192.168.89.1','MSIE 6.0'),('4028d9814aee38c5014aee836cb40009','402882be46404313014640b7eb1c000f',1,'2015-01-16 00:53:18',1,'用户：super登录成功','192.168.89.1','Firefox'),('4028d9814aee38c5014aeeabfdf0000a','402882be46404313014640b7eb1c000f',1,'2015-01-16 01:37:36',1,'用户：super登录成功','192.168.89.1','其它'),('4028d9814aee38c5014aeeaeecbe000b','402882be46404313014640b7eb1c000f',1,'2015-01-16 01:40:48',1,'用户：super登录成功','192.168.89.1','其它'),('4028d9814aee38c5014aeeb0a648000c','402882be46404313014640b7eb1c000f',1,'2015-01-16 01:42:41',1,'用户：super登录成功','192.168.89.1','Firefox'),('4028828c4af0b62b014af0b69c6f0001','402882be46404313014640b7eb1c000f',1,'2015-01-16 11:08:27',1,'用户：super登录成功','192.168.2.12','Chrome'),('4028828c4af0b62b014af0b9850e0002','402882be46404313014640b7eb1c000f',1,'2015-01-16 11:11:37',1,'用户：super登录成功','192.168.2.12','Firefox'),('4028828c4af0b62b014af0c0d0070003','402882be46404313014640b7eb1c000f',1,'2015-01-16 11:19:35',1,'用户：super登录成功','192.168.2.12','Firefox'),('4028828c4af0b62b014af17307e10005','402882be46404313014640b7eb1c000f',1,'2015-01-16 14:34:15',3,'产品类型： null插入成功','192.168.2.12','Firefox'),('4028828c4af1be7a014af1bf24990001','402882be46404313014640b7eb1c000f',1,'2015-01-16 15:57:23',1,'用户：super登录成功','192.168.2.12','Chrome'),('4028828c4af1be7a014af1f1ffd00002','402882be46404313014640b7eb1c000f',1,'2015-01-16 16:52:56',1,'用户：super登录成功','192.168.2.12','Firefox'),('4028828c4af1be7a014af1f3642f0003','402882be46404313014640b7eb1c000f',1,'2015-01-16 16:54:27',1,'用户：super登录成功','192.168.2.12','Firefox'),('4028828c4af1be7a014af1f75a250004','402882be46404313014640b7eb1c000f',1,'2015-01-16 16:58:47',1,'用户：super登录成功','192.168.2.12','Firefox'),('4028d9814af27d98014af27ddf230001','402882be46404313014640b7eb1c000f',1,'2015-01-16 19:25:43',1,'用户：super登录成功','192.168.89.1','Firefox'),('4028d9814af28328014af283768d0001','402882be46404313014640b7eb1c000f',1,'2015-01-16 19:31:49',1,'用户：super登录成功','192.168.89.1','Firefox'),('4028d9814af28328014af2c11f530002','402882be46404313014640b7eb1c000f',1,'2015-01-16 20:39:10',4,'产品类型ID：4028828c4af0b62b014af17307830004删除成功','192.168.89.1','Firefox'),('4028d9814af28328014af2f9fc620003','402882be46404313014640b7eb1c000f',1,'2015-01-16 21:41:17',1,'用户：super登录成功','192.168.89.1','Chrome'),('4028d9814af28328014af3019cde0004','402882be46404313014640b7eb1c000f',1,'2015-01-16 21:49:36',5,'产品类型: 123更新成功','192.168.89.1','Chrome'),('4028d9814af28328014af301d90f0005','402882be46404313014640b7eb1c000f',1,'2015-01-16 21:49:52',5,'产品类型: 123更新成功','192.168.89.1','Chrome'),('4028d9814af28328014af32663c90007','402882be46404313014640b7eb1c000f',1,'2015-01-16 22:29:47',3,'菜单: 插件下载管理插入成功','192.168.89.1','Chrome'),('4028d9814af28328014af3270ad00064','402882be46404313014640b7eb1c000f',1,'2015-01-16 22:30:29',1,'用户：super登录成功','192.168.89.1','Chrome'),('4028d9814af327d3014af32848d10001','402882be46404313014640b7eb1c000f',1,'2015-01-16 22:31:51',1,'用户：super登录成功','192.168.89.1','Chrome'),('4028d9814af3349c014af3351f0d0001','402882be46404313014640b7eb1c000f',1,'2015-01-16 22:45:52',1,'用户：super登录成功','192.168.89.1','Firefox'),('4028d9814af33d60014af33db4a60001','402882be46404313014640b7eb1c000f',1,'2015-01-16 22:55:15',1,'用户：super登录成功','192.168.89.1','Firefox'),('4028d9814af34c70014af34ce48c0001','402882be46404313014640b7eb1c000f',1,'2015-01-16 23:11:50',1,'用户：super登录成功','192.168.89.1','Firefox'),('4028d9814af34c70014af34e90e10002','402882be46404313014640b7eb1c000f',1,'2015-01-16 23:13:40',1,'用户：super登录成功','192.168.89.1','Chrome'),('4028d9814af35277014af35336040001','402882be46404313014640b7eb1c000f',1,'2015-01-16 23:18:44',1,'用户：super登录成功','192.168.89.1','Firefox'),('4028d9814af35277014af35d96ff0002','402882be46404313014640b7eb1c000f',1,'2015-01-16 23:30:04',1,'用户：super登录成功','192.168.89.1','Chrome'),('4028d9814af35277014af3841fc50003','402882be46404313014640b7eb1c000f',1,'2015-01-17 00:12:10',1,'用户：super登录成功','192.168.89.1','Chrome'),('4028d9814af35277014af3a66c140004','402882be46404313014640b7eb1c000f',1,'2015-01-17 00:49:37',1,'用户：super登录成功','192.168.89.1','Safari'),('4028d9814af35277014af3a9b6cb0005','402882be46404313014640b7eb1c000f',1,'2015-01-17 00:53:13',1,'用户：super登录成功','192.168.89.1','Chrome'),('4028d9814af35277014af3aa13bc0006','402882be46404313014640b7eb1c000f',1,'2015-01-17 00:53:37',1,'用户：super登录成功','192.168.89.1','Firefox'),('f3652abd4af6aec3014af6cd08a80001','402882be46404313014640b7eb1c000f',1,'2015-01-17 15:30:39',1,'用户：super登录成功','115.229.170.61','MSIE 6.0'),('f3652abd4af6aec3014af6cfc8a30002','402882be46404313014640b7eb1c000f',1,'2015-01-17 15:33:40',1,'用户：super登录成功','115.229.170.61','MSIE 6.0'),('f3652abd4af6aec3014af6d26b6e0003','402882be46404313014640b7eb1c000f',1,'2015-01-17 15:36:32',1,'用户：super登录成功','115.229.170.61','Chrome'),('f3652abd4af6aec3014af6d2f2df0005','402882be46404313014640b7eb1c000f',1,'2015-01-17 15:37:07',3,'产品类型： 玫瑰插入成功','115.229.170.61','Chrome'),('f3652abd4af6aec3014af6d3c7850006','402882be46404313014640b7eb1c000f',1,'2015-01-17 15:38:01',1,'用户：super登录成功','115.229.170.61','Chrome'),('f3652abd4af6aec3014af6d4c74e0007','402882be46404313014640b7eb1c000f',1,'2015-01-17 15:39:07',1,'用户：super登录成功','115.229.170.61','Chrome'),('f3652abd4af6aec3014af6dbf3580008','402882be46404313014640b7eb1c000f',1,'2015-01-17 15:46:57',5,'产品类型: 蘑菇更新成功','115.229.170.61','Chrome'),('f3652abd4af6aec3014af6df69ea000a','402882be46404313014640b7eb1c000f',1,'2015-01-17 15:50:44',3,'产品类型： kkk插入成功','115.229.170.61','Chrome'),('f3652abd4af6aec3014af6e025ec000b','402882be46404313014640b7eb1c000f',1,'2015-01-17 15:51:32',5,'产品分类ID：f3652abd4af6aec3014af6df69b60009禁用成功','115.229.170.61','Chrome'),('f3652abd4af6aec3014af6e04e32000c','402882be46404313014640b7eb1c000f',1,'2015-01-17 15:51:42',5,'产品分类ID：f3652abd4af6aec3014af6df69b60009启用成功','115.229.170.61','Chrome'),('f3652abd4af6aec3014af6e47790000d','402882be46404313014640b7eb1c000f',1,'2015-01-17 15:56:15',4,'产品类型ID：4028d9814ae7a491014ae7a615740002删除成功','115.229.170.61','Chrome'),('f3652abd4af6aec3014af6e48b67000e','402882be46404313014640b7eb1c000f',1,'2015-01-17 15:56:20',4,'产品类型ID：4028d9814ae5e716014ae5efc7300002删除成功','115.229.170.61','Chrome'),('f3652abd4af6aec3014af6e4c42a000f','402882be46404313014640b7eb1c000f',1,'2015-01-17 15:56:35',4,'产品类型ID：4028d9814ae79d51014ae79e8e680002删除成功','115.229.170.61','Chrome'),('f3652abd4af6aec3014af6f435570010','402882be46404313014640b7eb1c000f',1,'2015-01-17 16:13:27',1,'用户：super登录成功','115.229.170.61','Chrome'),('f3652abd4af71bef014af71cdfb00001','402882be46404313014640b7eb1c000f',1,'2015-01-17 16:57:52',1,'用户：super登录成功','115.229.170.61','Chrome'),('f3652abd4af71bef014af720d9310003','402882be46404313014640b7eb1c000f',1,'2015-01-17 17:02:12',3,'产品类型： null插入成功','115.229.170.61','Chrome'),('f3652abd4af71bef014af721400f0004','402882be46404313014640b7eb1c000f',1,'2015-01-17 17:02:39',5,'产品类型: null更新成功','115.229.170.61','Chrome'),('4028d9814af808f0014af809a8d60001','402882be46404313014640b7eb1c000f',1,'2015-01-17 21:16:30',1,'用户：super登录成功','192.168.89.1','Chrome'),('4028d9814af837ba014af8382ba60001','402882be46404313014640b7eb1c000f',1,'2015-01-17 22:07:18',1,'用户：super登录成功','192.168.89.1','Chrome'),('4028d9814af837ba014af86cad500002','402882be46404313014640b7eb1c000f',1,'2015-01-17 23:04:39',1,'用户：super登录成功','192.168.89.1','Chrome'),('4028d9814af837ba014af8733cdc0003','402882be46404313014640b7eb1c000f',1,'2015-01-17 23:11:49',5,'产品类型: 玫瑰更新成功','192.168.89.1','Chrome'),('4028d9814af837ba014af882df9f0005','402882be46404313014640b7eb1c000f',1,'2015-01-17 23:28:54',3,'产品类型： kkk(1)插入成功','192.168.89.1','Chrome'),('4028d9814af837ba014af88552140006','402882be46404313014640b7eb1c000f',1,'2015-01-17 23:31:34',4,'产品类型ID：f3652abd4af6aec3014af6df69b60009删除成功','192.168.89.1','Chrome'),('4028d9814af837ba014af8855bfc0007','402882be46404313014640b7eb1c000f',1,'2015-01-17 23:31:37',4,'产品类型ID：4028d9814af837ba014af882df730004删除成功','192.168.89.1','Chrome'),('4028d9814af8b49b014af8b4e2ad0001','402882be46404313014640b7eb1c000f',1,'2015-01-18 00:23:31',1,'用户：super登录成功','192.168.89.1','Chrome'),('4028d9814af8b49b014af8b7b53b0003','402882be46404313014640b7eb1c000f',1,'2015-01-18 00:26:36',3,'产品类型： 1234插入成功','192.168.89.1','Chrome'),('4028d9814af8ba2a014af8ba77920001','402882be46404313014640b7eb1c000f',1,'2015-01-18 00:29:37',1,'用户：super登录成功','192.168.89.1','Chrome'),('4028d9814afbd7b3014afbd820750001','402882be46404313014640b7eb1c000f',1,'2015-01-18 15:00:52',1,'用户：super登录成功','192.168.89.1','Firefox'),('4028d9814afbd7b3014afbdd1b280002','402882be46404313014640b7eb1c000f',1,'2015-01-18 15:06:19',5,'产品类型: 玫瑰更新成功','192.168.89.1','Firefox'),('4028d9814b00304f014b00322e300001','402882be46404313014640b7eb1c000f',1,'2015-01-19 11:17:43',1,'用户：super登录成功','192.168.89.1','Chrome'),('4028d9814b00304f014b00946b320002','402882be46404313014640b7eb1c000f',1,'2015-01-19 13:05:01',1,'用户：super登录成功','192.168.89.1','Firefox'),('4028d9814b00304f014b00976d280003','402882be46404313014640b7eb1c000f',1,'2015-01-19 13:08:18',1,'用户：super登录成功','192.168.89.1','Chrome'),('4028d9814b00304f014b00b6b2780004','402882be46404313014640b7eb1c000f',1,'2015-01-19 13:42:28',1,'用户：super登录成功','192.168.89.1','Firefox'),('4028d9814b00304f014b00c028a00005','402882be46404313014640b7eb1c000f',1,'2015-01-19 13:52:48',1,'用户：super登录成功','192.168.89.1','Firefox'),('4028d9814b00304f014b00c6b00a0006','402882be46404313014640b7eb1c000f',1,'2015-01-19 13:59:56',1,'用户：super登录成功','192.168.89.1','Firefox'),('4028d9814b00304f014b00dff1490007','402882be46404313014640b7eb1c000f',1,'2015-01-19 14:27:31',1,'用户：super登录成功','192.168.89.1','Chrome'),('4028d9814b010414014b0104b31c0001','402882be46404313014640b7eb1c000f',1,'2015-01-19 15:07:40',1,'用户：super登录成功','192.168.89.1','Chrome'),('4028d9814b010414014b011900790002','402882be46404313014640b7eb1c000f',1,'2015-01-19 15:29:50',1,'用户：super登录成功','192.168.89.1','Firefox'),('4028d9814b010414014b011f053d0003','402882be46404313014640b7eb1c000f',1,'2015-01-19 15:36:25',5,'菜单: 销售信息管理更新成功','192.168.89.1','Firefox'),('4028d9814b011f94014b011fe1950001','402882be46404313014640b7eb1c000f',1,'2015-01-19 15:37:21',1,'用户：super登录成功','192.168.89.1','Firefox'),('4028d9814b012202014b0122486a0001','402882be46404313014640b7eb1c000f',1,'2015-01-19 15:39:58',1,'用户：super登录成功','192.168.89.1','Firefox'),('4028d9814b012202014b0122eba20002','402882be46404313014640b7eb1c000f',1,'2015-01-19 15:40:40',5,'菜单: 订单信息管理更新成功','192.168.89.1','Firefox'),('402882d24b05cf03014b05f586e20001','402882be46404313014640b7eb1c000f',1,'2015-01-20 14:09:11',1,'用户：super登录成功','192.168.2.82','Firefox'),('4028d9814b0cfa76014b0cfb18ee0001','402882be46404313014640b7eb1c000f',1,'2015-01-21 22:52:37',1,'用户：super登录成功','192.168.89.1','Chrome'),('4028d9814b0cfa76014b0cfbd4860002','402882be46404313014640b7eb1c000f',1,'2015-01-21 22:53:25',5,'菜单: 订单信息管理更新成功','192.168.89.1','Chrome'),('4028d9814b0cfc2a014b0cfc7b6c0001','402882be46404313014640b7eb1c000f',1,'2015-01-21 22:54:08',1,'用户：super登录成功','192.168.89.1','Chrome'),('4028d9814b0cfc2a014b0cfdbe930003','402882be46404313014640b7eb1c000f',1,'2015-01-21 22:55:30',3,'权限: 下单插入成功','192.168.89.1','Chrome'),('4028d9814b0cfc2a014b0cfec1f00005','402882be46404313014640b7eb1c000f',1,'2015-01-21 22:56:37',3,'权限: 编辑插入成功','192.168.89.1','Chrome'),('4028d9814b0cfc2a014b0cff60830006','402882be46404313014640b7eb1c000f',1,'2015-01-21 22:57:17',5,'权限: 编辑更新成功','192.168.89.1','Chrome'),('4028d9814b0cfc2a014b0cff8a750007','402882be46404313014640b7eb1c000f',1,'2015-01-21 22:57:28',5,'权限: 下单更新成功','192.168.89.1','Chrome'),('4028d9814b0cfc2a014b0d0002050009','402882be46404313014640b7eb1c000f',1,'2015-01-21 22:57:59',3,'权限: 删除插入成功','192.168.89.1','Chrome'),('4028d9814b0cfc2a014b0d006032000b','402882be46404313014640b7eb1c000f',1,'2015-01-21 22:58:23',3,'权限: 刷新插入成功','192.168.89.1','Chrome'),('4028d9814b0cfc2a014b0d00d074000d','402882be46404313014640b7eb1c000f',1,'2015-01-21 22:58:52',3,'权限: excel导出插入成功','192.168.89.1','Chrome'),('4028d9814b0d019d014b0d01d5990001','402882be46404313014640b7eb1c000f',1,'2015-01-21 22:59:58',1,'用户：super登录成功','192.168.89.1','Chrome'),('4028d9814b0d019d014b0d1c25ad0002','402882be46404313014640b7eb1c000f',1,'2015-01-21 23:28:43',1,'用户：super登录成功','192.168.89.1','Chrome'),('4028d9814b0d019d014b0d2d84600003','402882be46404313014640b7eb1c000f',1,'2015-01-21 23:47:41',1,'用户：super登录成功','192.168.89.1','Firefox'),('4028d9814b0d019d014b0d2f00e30005','402882be46404313014640b7eb1c000f',1,'2015-01-21 23:49:19',3,'客户： 112插入成功','192.168.89.1','Chrome'),('4028d9814b0d019d014b0d4a77760006','402882be46404313014640b7eb1c000f',1,'2015-01-22 00:19:19',1,'用户：super登录成功','192.168.89.1','Firefox'),('4028d9814b0d5b7b014b0d5bed880001','402882be46404313014640b7eb1c000f',1,'2015-01-22 00:38:23',1,'用户：super登录成功','192.168.89.1','Chrome'),('4028d9814b0d5b7b014b0d5c59120003','402882be46404313014640b7eb1c000f',1,'2015-01-22 00:38:50',3,'订单ID: null插入成功','192.168.89.1','Chrome'),('4028d9814b114838014b114941930001','402882be46404313014640b7eb1c000f',1,'2015-01-22 18:56:28',1,'用户：super登录成功','192.168.89.1','Chrome'),('4028d9814b11ef44014b11efaed90001','402882be46404313014640b7eb1c000f',1,'2015-01-22 21:58:15',1,'用户：super登录成功','192.168.89.1','Chrome'),('4028d9814b11ef44014b11efec570002','402882be46404313014640b7eb1c000f',1,'2015-01-22 21:58:31',4,'订单(：4028d9814b0d5b7b014b0d5c58e70002)删除成功','192.168.89.1','Chrome'),('4028d9814b11f116014b11f163720001','402882be46404313014640b7eb1c000f',1,'2015-01-22 22:00:07',1,'用户：super登录成功','192.168.89.1','Chrome'),('4028d9814b11f116014b11f1d5750003','402882be46404313014640b7eb1c000f',1,'2015-01-22 22:00:36',3,'订单ID: null插入成功','192.168.89.1','Chrome'),('4028d9814b11f116014b11fce1b30004','402882be46404313014640b7eb1c000f',1,'2015-01-22 22:12:40',5,'订单ID: 4028d9814b11f116014b11f1d54f0002更新成功','192.168.89.1','Chrome'),('4028d9814b11f116014b11fd11c30005','402882be46404313014640b7eb1c000f',1,'2015-01-22 22:12:52',5,'订单ID: 4028d9814b11f116014b11f1d54f0002更新成功','192.168.89.1','Chrome'),('4028d9814b11f116014b11fdea2b0006','402882be46404313014640b7eb1c000f',1,'2015-01-22 22:13:48',5,'订单ID: 4028d9814b11f116014b11f1d54f0002更新成功','192.168.89.1','Chrome'),('4028d9814b11f116014b11feb5490008','402882be46404313014640b7eb1c000f',1,'2015-01-22 22:14:40',3,'订单ID: null插入成功','192.168.89.1','Chrome'),('4028d9814b11f116014b11ff0436000a','402882be46404313014640b7eb1c000f',1,'2015-01-22 22:15:00',3,'订单ID: null插入成功','192.168.89.1','Chrome'),('4028d9814b11f116014b11ff255b000b','402882be46404313014640b7eb1c000f',1,'2015-01-22 22:15:08',4,'订单(：4028d9814b11f116014b11ff042c0009)删除成功','192.168.89.1','Chrome'),('4028d9814b11f116014b11ff45a9000d','402882be46404313014640b7eb1c000f',1,'2015-01-22 22:15:17',3,'订单ID: null插入成功','192.168.89.1','Chrome'),('4028d9814b11f116014b11ff64e2000e','402882be46404313014640b7eb1c000f',1,'2015-01-22 22:15:25',5,'订单ID: 4028d9814b11f116014b11f1d54f0002更新成功','192.168.89.1','Chrome'),('4028d9814b11f116014b11ff8d72000f','402882be46404313014640b7eb1c000f',1,'2015-01-22 22:15:35',5,'订单ID: 4028d9814b11f116014b11f1d54f0002更新成功','192.168.89.1','Chrome'),('4028d9814b11f116014b120247530010','402882be46404313014640b7eb1c000f',1,'2015-01-22 22:18:34',5,'订单ID: 4028d9814b11f116014b11f1d54f0002更新成功','192.168.89.1','Chrome'),('4028d9814b11f116014b120261970012','402882be46404313014640b7eb1c000f',1,'2015-01-22 22:18:40',3,'订单ID: null插入成功','192.168.89.1','Chrome'),('4028d9814b11f116014b120276cb0013','402882be46404313014640b7eb1c000f',1,'2015-01-22 22:18:46',4,'订单(：4028d9814b11f116014b1202618b0011)删除成功','192.168.89.1','Chrome'),('4028d9814b11f116014b12028b4b0014','402882be46404313014640b7eb1c000f',1,'2015-01-22 22:18:51',4,'订单(：4028d9814b11f116014b11ff45a2000c)删除成功','192.168.89.1','Chrome'),('4028d9814b125a92014b125ae4780001','402882be46404313014640b7eb1c000f',1,'2015-01-22 23:55:21',1,'用户：super登录成功','192.168.89.1','Chrome'),('4028d9814b126106014b1261de5b0001','402882be46404313014640b7eb1c000f',1,'2015-01-23 00:02:58',1,'用户：super登录成功','192.168.89.1','Chrome'),('4028d9814b126535014b1265a28a0001','402882be46404313014640b7eb1c000f',1,'2015-01-23 00:07:05',1,'用户：super登录成功','192.168.89.1','Chrome'),('4028d9814b126535014b126b27430002','402882be46404313014640b7eb1c000f',1,'2015-01-23 00:13:07',5,'角色: 超级管理员更新成功','192.168.89.1','Chrome'),('4028d9814b1275e3014b127623650001','402882be46404313014640b7eb1c000f',1,'2015-01-23 00:25:07',1,'用户：super登录成功','192.168.89.1','Chrome'),('4028d9814b1275e3014b127b01c30003','402882be46404313014640b7eb1c000f',1,'2015-01-23 00:30:26',3,'权限: 产品增加插入成功','192.168.89.1','Chrome'),('4028d9814b1275e3014b127b9dd20005','402882be46404313014640b7eb1c000f',1,'2015-01-23 00:31:06',3,'权限: 产品编辑插入成功','192.168.89.1','Chrome'),('4028d9814b1275e3014b127c85ae0007','402882be46404313014640b7eb1c000f',1,'2015-01-23 00:32:05',3,'权限: 产品删除插入成功','192.168.89.1','Chrome'),('4028d9814b1275e3014b127d58ed0008','402882be46404313014640b7eb1c000f',1,'2015-01-23 00:32:59',5,'权限: 制单更新成功','192.168.89.1','Chrome'),('4028d9814b1275e3014b12821a99000a','402882be46404313014640b7eb1c000f',1,'2015-01-23 00:38:11',3,'权限: 产品保存插入成功','192.168.89.1','Chrome'),('4028d9814b1275e3014b1282a988000c','402882be46404313014640b7eb1c000f',1,'2015-01-23 00:38:47',3,'权限: 产品修改取消插入成功','192.168.89.1','Chrome'),('4028d9814b1275e3014b1285f0470073','402882be46404313014640b7eb1c000f',1,'2015-01-23 00:42:22',1,'用户：super登录成功','192.168.89.1','Chrome'),('4028d9814b14a719014b14ab41510001','402882be46404313014640b7eb1c000f',1,'2015-01-23 10:42:22',1,'用户：super登录成功','192.168.89.1','Chrome'),('4028d9814b14b586014b14b9b00b0001','402882be46404313014640b7eb1c000f',1,'2015-01-23 10:58:08',1,'用户：super登录成功','192.168.89.1','Chrome'),('4028d9814b14bb61014b14bca1860001','402882be46404313014640b7eb1c000f',1,'2015-01-23 11:01:21',1,'用户：super登录成功','192.168.89.1','Chrome'),('4028d9814b14bb61014b14d6b99e0002','402882be46404313014640b7eb1c000f',1,'2015-01-23 11:29:51',1,'用户：super登录成功','192.168.89.1','Firefox'),('4028d9814b14bb61014b15003ff70003','402882be46404313014640b7eb1c000f',1,'2015-01-23 12:15:12',1,'用户：super登录成功','192.168.89.1','Firefox'),('4028d9814b14bb61014b1505c4720004','402882be46404313014640b7eb1c000f',1,'2015-01-23 12:21:14',1,'用户：super登录成功','192.168.89.1','Firefox'),('4028d9814b14bb61014b15496b050005','402882be46404313014640b7eb1c000f',1,'2015-01-23 13:35:08',1,'用户：super登录成功','192.168.89.1','Firefox'),('4028d9814b14bb61014b1562ed520007','402882be46404313014640b7eb1c000f',1,'2015-01-23 14:02:59',3,'角色: null插入成功','192.168.89.1','Firefox'),('4028d9814b14bb61014b156339670008','402882be46404313014640b7eb1c000f',1,'2015-01-23 14:03:19',4,'角色：null删除成功','192.168.89.1','Firefox'),('4028d9814b14bb61014b156b8f590009','402882be46404313014640b7eb1c000f',1,'2015-01-23 14:12:25',5,'权限: 产品删除更新成功','192.168.89.1','Firefox'),('4028d9814b14bb61014b156bad8b000a','402882be46404313014640b7eb1c000f',1,'2015-01-23 14:12:33',5,'权限: 产品编辑更新成功','192.168.89.1','Firefox'),('4028d9814b14bb61014b156bc27d000b','402882be46404313014640b7eb1c000f',1,'2015-01-23 14:12:38',5,'权限: 产品增加更新成功','192.168.89.1','Firefox'),('4028d9814b156c8a014b156d22af0001','402882be46404313014640b7eb1c000f',1,'2015-01-23 14:14:08',1,'用户：super登录成功','192.168.89.1','Firefox'),('4028d9814b156ec1014b156f02d20001','402882be46404313014640b7eb1c000f',1,'2015-01-23 14:16:11',1,'用户：super登录成功','192.168.89.1','Firefox'),('4028d9814b156ec1014b156f748c0002','402882be46404313014640b7eb1c000f',1,'2015-01-23 14:16:40',5,'权限: 产品删除更新成功','192.168.89.1','Firefox'),('4028d9814b156ec1014b156f95fa0003','402882be46404313014640b7eb1c000f',1,'2015-01-23 14:16:49',5,'权限: 产品编辑更新成功','192.168.89.1','Firefox'),('4028d9814b156ec1014b156fa86d0004','402882be46404313014640b7eb1c000f',1,'2015-01-23 14:16:54',5,'权限: 产品增加更新成功','192.168.89.1','Firefox'),('4028d9814b156fed014b15704e5f0001','402882be46404313014640b7eb1c000f',1,'2015-01-23 14:17:36',1,'用户：super登录成功','192.168.89.1','Firefox'),('4028d9814b1579ba014b1579f5150001','402882be46404313014640b7eb1c000f',1,'2015-01-23 14:28:09',1,'用户：super登录成功','192.168.89.1','Firefox'),('4028d9814b159685014b1596bec90001','402882be46404313014640b7eb1c000f',1,'2015-01-23 14:59:35',1,'用户：super登录成功','192.168.89.1','Firefox'),('4028d9814b159685014b15abf2bc0002','402882be46404313014640b7eb1c000f',1,'2015-01-23 15:22:45',5,'订单(编号:2015010002)下的产品: 0003更新成功','192.168.2.109','Firefox'),('4028d9814b159685014b15acaa910004','402882be46404313014640b7eb1c000f',1,'2015-01-23 15:23:32',3,'订单(编号:2015010002)下的产品: 0003插入成功','192.168.2.109','Firefox'),('4028d9814b159685014b15acf4360005','402882be46404313014640b7eb1c000f',1,'2015-01-23 15:23:51',5,'订单(编号:2015010002)下的产品: 0003更新成功','192.168.2.109','Firefox'),('4028d9814b159685014b15b2a9bd0007','402882be46404313014640b7eb1c000f',1,'2015-01-23 15:30:05',3,'订单(编号:2015010002)下的产品: 0003插入成功','192.168.2.109','Firefox'),('4028d9814b16c605014b16c67b850001','402882be46404313014640b7eb1c000f',1,'2015-01-23 20:31:21',1,'用户：super登录成功','192.168.89.1','Chrome'),('4028d9814b16c605014b16c8f4e70003','402882be46404313014640b7eb1c000f',1,'2015-01-23 20:34:03',3,'订单(编号:2015010002)下的产品: 0008插入成功','192.168.89.1','Chrome'),('4028d9814b16c9f9014b16ca50a30001','402882be46404313014640b7eb1c000f',1,'2015-01-23 20:35:32',1,'用户：super登录成功','192.168.89.1','Chrome'),('4028d9814b16c9f9014b16cb1e320002','402882be46404313014640b7eb1c000f',1,'2015-01-23 20:36:25',4,'订单(编号:2015010002)下的产品: 0003删除成功','192.168.89.1','Chrome'),('4028d9814b16c9f9014b16cb5a8d0004','402882be46404313014640b7eb1c000f',1,'2015-01-23 20:36:40',3,'订单(编号:2015010002)下的产品: 0008插入成功','192.168.89.1','Chrome'),('4028d9814b16c9f9014b16cb66bc0005','402882be46404313014640b7eb1c000f',1,'2015-01-23 20:36:43',4,'订单(编号:2015010002)下的产品: 0008删除成功','192.168.89.1','Chrome'),('4028d9814b16c9f9014b16cb968e0007','402882be46404313014640b7eb1c000f',1,'2015-01-23 20:36:56',3,'订单(编号:2015010002)下的产品: 0008插入成功','192.168.89.1','Chrome'),('4028d9814b16c9f9014b16d3d2060008','402882be46404313014640b7eb1c000f',1,'2015-01-23 20:45:55',5,'订单(编号:2015010002)下的产品: 0008更新成功','192.168.89.1','Chrome'),('4028d9814b16c9f9014b16d408ac0009','402882be46404313014640b7eb1c000f',1,'2015-01-23 20:46:09',4,'订单(编号:2015010002)下的产品: 0008删除成功','192.168.89.1','Chrome'),('4028d9814b16c9f9014b16d46142000b','402882be46404313014640b7eb1c000f',1,'2015-01-23 20:46:32',3,'订单(编号:2015010002)下的产品: 0003插入成功','192.168.89.1','Chrome'),('4028d9814b16c9f9014b16d4d963000c','402882be46404313014640b7eb1c000f',1,'2015-01-23 20:47:03',5,'订单(编号:2015010002)下的产品: 0003更新成功','192.168.89.1','Chrome'),('4028d9814b16c9f9014b16d5e237000d','402882be46404313014640b7eb1c000f',1,'2015-01-23 20:48:10',5,'订单(编号:2015010002)下的产品: 0003更新成功','192.168.89.1','Chrome'),('4028d9814b16c9f9014b16d6b892000e','402882be46404313014640b7eb1c000f',1,'2015-01-23 20:49:05',1,'用户：super登录成功','192.168.89.1','Firefox'),('4028d9814b16c9f9014b16d8520f000f','402882be46404313014640b7eb1c000f',1,'2015-01-23 20:50:50',5,'订单(编号:2015010002)下的产品: 0003更新成功','192.168.89.1','Firefox'),('4028d9814b16e361014b16e428170001','402882be46404313014640b7eb1c000f',1,'2015-01-23 21:03:46',1,'用户：super登录成功','192.168.89.1','Firefox'),('4028d9814b16e361014b16e605f40002','402882be46404313014640b7eb1c000f',1,'2015-01-23 21:05:48',5,'订单(编号:2015010002)下的产品: 0003更新成功','192.168.89.1','Firefox'),('4028d9814b16e361014b16e69fbc0003','402882be46404313014640b7eb1c000f',1,'2015-01-23 21:06:27',5,'订单(编号:2015010002)下的产品: 0003更新成功','192.168.89.1','Firefox'),('4028d9814b16e361014b16f0f2c60006','402882be46404313014640b7eb1c000f',1,'2015-01-23 21:17:44',3,'订单(编号:2015010002)下的产品: 0008插入成功','192.168.89.1','Firefox'),('4028d9814b16e361014b16f2cbe70007','402882be46404313014640b7eb1c000f',1,'2015-01-23 21:19:45',5,'订单(编号:2015010002)下的产品: 0003更新成功','192.168.89.1','Firefox'),('4028d9814b16e361014b16f3c2200009','402882be46404313014640b7eb1c000f',1,'2015-01-23 21:20:48',3,'订单(编号:2015010002)下的产品: 0003插入成功','192.168.89.1','Firefox'),('4028d9814b16e361014b16f431f3000a','402882be46404313014640b7eb1c000f',1,'2015-01-23 21:21:17',5,'订单(编号:2015010002)下的产品: 0003更新成功','192.168.89.1','Firefox'),('4028d9814b16e361014b170f9199000b','402882be46404313014640b7eb1c000f',1,'2015-01-23 21:51:11',5,'订单(编号:2015010002)下的产品: 0003更新成功','192.168.89.1','Firefox'),('4028d9814b16e361014b1711e939000c','402882be46404313014640b7eb1c000f',1,'2015-01-23 21:53:44',5,'产品类型: 1321435更新成功','192.168.89.1','Firefox'),('4028d9814b16e361014b17301f63000d','402882be46404313014640b7eb1c000f',1,'2015-01-23 22:26:44',1,'用户：super登录成功','192.168.89.1','Firefox'),('4028d9814b1772df014b17730f020001','402882be46404313014640b7eb1c000f',1,'2015-01-23 23:39:51',1,'用户：super登录成功','192.168.89.1','Firefox'),('4028d9814b1772df014b178021aa0003','402882be46404313014640b7eb1c000f',1,'2015-01-23 23:54:08',3,'订单(编号:2015010002)下的产品: 0003插入成功','192.168.89.1','Firefox'),('4028d9814b1772df014b1787a1df0004','402882be46404313014640b7eb1c000f',1,'2015-01-24 00:02:19',5,'订单(编号:2015010002)下的产品: 0003更新成功','192.168.89.1','Firefox'),('4028d9814b1772df014b178a9bb30005','402882be46404313014640b7eb1c000f',1,'2015-01-24 00:05:34',5,'订单(编号:2015010002)下的产品: 0003更新成功','192.168.89.1','Firefox'),('4028d9814b1772df014b178abb000006','402882be46404313014640b7eb1c000f',1,'2015-01-24 00:05:42',5,'订单(编号:2015010002)下的产品: 0003更新成功','192.168.89.1','Firefox'),('4028d9814b1772df014b178acce70007','402882be46404313014640b7eb1c000f',1,'2015-01-24 00:05:47',5,'订单(编号:2015010002)下的产品: 0003更新成功','192.168.89.1','Firefox'),('4028d9814b1772df014b178af8790008','402882be46404313014640b7eb1c000f',1,'2015-01-24 00:05:58',5,'订单(编号:2015010002)下的产品: 0003更新成功','192.168.89.1','Firefox'),('4028d9814b1772df014b178b1db30009','402882be46404313014640b7eb1c000f',1,'2015-01-24 00:06:08',5,'订单(编号:2015010002)下的产品: 0003更新成功','192.168.89.1','Firefox'),('4028d9814b1772df014b178bce0f000a','402882be46404313014640b7eb1c000f',1,'2015-01-24 00:06:53',5,'订单(编号:2015010002)下的产品: 0008更新成功','192.168.89.1','Firefox'),('4028d9814b1772df014b178d11da000b','402882be46404313014640b7eb1c000f',1,'2015-01-24 00:08:16',5,'订单(编号:2015010002)下的产品: 0008更新成功','192.168.89.1','Firefox'),('4028d9814b1772df014b178d2e1f000c','402882be46404313014640b7eb1c000f',1,'2015-01-24 00:08:23',4,'订单(编号:2015010002)下的产品: 0003删除成功','192.168.89.1','Firefox'),('4028d9814b1772df014b178d6bc2000e','402882be46404313014640b7eb1c000f',1,'2015-01-24 00:08:39',3,'订单(编号:2015010002)下的产品: 0003插入成功','192.168.89.1','Firefox'),('4028d9814b1772df014b178e4b07000f','402882be46404313014640b7eb1c000f',1,'2015-01-24 00:09:36',5,'订单(编号:2015010002)下的产品: 0008更新成功','192.168.89.1','Firefox'),('4028d9814b1772df014b178f00870010','402882be46404313014640b7eb1c000f',1,'2015-01-24 00:10:22',5,'订单(编号:2015010002)下的产品: 0003更新成功','192.168.89.1','Firefox'),('4028d9814b1772df014b17916f2b0011','402882be46404313014640b7eb1c000f',1,'2015-01-24 00:13:02',4,'订单(编号:2015010002)下的产品: 0003删除成功','192.168.89.1','Firefox'),('4028d9814b1772df014b179179690012','402882be46404313014640b7eb1c000f',1,'2015-01-24 00:13:04',4,'订单(编号:2015010002)下的产品: 0003删除成功','192.168.89.1','Firefox'),('4028d9814b1772df014b1791844c0013','402882be46404313014640b7eb1c000f',1,'2015-01-24 00:13:07',4,'订单(编号:2015010002)下的产品: 0003删除成功','192.168.89.1','Firefox'),('4028d9814b1772df014b179a349d0015','402882be46404313014640b7eb1c000f',1,'2015-01-24 00:22:36',3,'订单(编号:2015010002)下的产品: 0003插入成功','192.168.89.1','Firefox'),('4028d9814b1772df014b179a4ee40016','402882be46404313014640b7eb1c000f',1,'2015-01-24 00:22:43',4,'订单(编号:2015010002)下的产品: 0008删除成功','192.168.89.1','Firefox'),('4028d9814b17a0ab014b17a0e4f60001','402882be46404313014640b7eb1c000f',1,'2015-01-24 00:29:55',1,'用户：super登录成功','192.168.89.1','Firefox'),('4028d9814b17a0ab014b17a14b7d0003','402882be46404313014640b7eb1c000f',1,'2015-01-24 00:30:21',3,'订单(编号:2015010002)下的产品: 0008插入成功','192.168.89.1','Firefox'),('4028d9814b17a0ab014b17a177ba0004','402882be46404313014640b7eb1c000f',1,'2015-01-24 00:30:32',5,'订单(编号:2015010002)下的产品: 0003更新成功','192.168.89.1','Firefox'),('4028d9814b17a0ab014b17b3e0850005','402882be46404313014640b7eb1c000f',1,'2015-01-24 00:50:39',5,'订单(编号:2015010002)下的产品: 蘑菇更新成功','192.168.89.1','Firefox'),('4028d9814b17a0ab014b17b4fef20006','402882be46404313014640b7eb1c000f',1,'2015-01-24 00:51:52',5,'订单(编号:2015010002)下的产品: 蘑菇更新成功','192.168.89.1','Firefox'),('4028d9814b17a0ab014b17c03f020007','402882be46404313014640b7eb1c000f',1,'2015-01-24 01:04:09',5,'订单(编号:2015010002)下的产品: 1234更新成功','192.168.89.1','Firefox'),('4028d9814b17de71014b17deb30f0001','402882be46404313014640b7eb1c000f',1,'2015-01-24 01:37:25',1,'用户：super登录成功','192.168.89.1','Firefox'),('4028d9814b17de71014b17dee9030002','402882be46404313014640b7eb1c000f',1,'2015-01-24 01:37:39',5,'订单ID: 4028d9814b11f116014b11feb53e0007更新成功','192.168.89.1','Firefox'),('4028d9814b17de71014b17e6ec5a0004','402882be46404313014640b7eb1c000f',1,'2015-01-24 01:46:24',3,'菜单: 生产单管理插入成功','192.168.89.1','Firefox'),('4028d9814b17de71014b17e79403006c','402882be46404313014640b7eb1c000f',1,'2015-01-24 01:47:07',1,'用户：super登录成功','192.168.89.1','Firefox'),('4028d9814b17ebbd014b17ebfcc90001','402882be46404313014640b7eb1c000f',1,'2015-01-24 01:51:56',1,'用户：super登录成功','192.168.89.1','Firefox'),('4028d9814b1b682c014b1b6926020001','402882be46404313014640b7eb1c000f',1,'2015-01-24 18:07:30',1,'用户：super登录成功','192.168.89.1','Chrome'),('4028d9814b1b682c014b1b69b28a0002','402882be46404313014640b7eb1c000f',1,'2015-01-24 18:08:06',1,'用户：super登录成功','192.168.89.1','Firefox'),('4028d9814b1b6db4014b1b6e05610001','402882be46404313014640b7eb1c000f',1,'2015-01-24 18:12:50',1,'用户：super登录成功','192.168.89.1','Firefox'),('4028d9814b1b6db4014b1b8ea9140002','402882be46404313014640b7eb1c000f',1,'2015-01-24 18:48:29',1,'用户：super登录成功','192.168.89.1','Firefox'),('4028d9814b1b6db4014b1baad3f20003','402882be46404313014640b7eb1c000f',1,'2015-01-24 19:19:15',1,'用户：super登录成功','192.168.89.1','Firefox'),('4028d9814b1b6db4014b1bc456ed0004','402882be46404313014640b7eb1c000f',1,'2015-01-24 19:47:07',5,'订单ID: 4028d9814b11f116014b11f1d54f0002更新成功','192.168.89.1','Firefox'),('4028d9814b1bc988014b1bca20710001','402882be46404313014640b7eb1c000f',1,'2015-01-24 19:53:26',1,'用户：super登录成功','192.168.89.1','Firefox'),('4028d9814b1bc988014b1bd6379e0002','402882be46404313014640b7eb1c000f',1,'2015-01-24 20:06:38',5,'订单ID: 4028d9814b11f116014b11feb53e0007更新成功','192.168.89.1','Firefox'),('4028d9814b1c0f6d014b1c100f370001','402882be46404313014640b7eb1c000f',1,'2015-01-24 21:09:49',1,'用户：super登录成功','192.168.89.1','Firefox'),('4028d9814b1ff5f4014b1ff80bc70001','402882be46404313014640b7eb1c000f',1,'2015-01-25 15:22:04',1,'用户：super登录成功','192.168.89.1','Chrome'),('4028d9814b1ff5f4014b1ff893440003','402882be46404313014640b7eb1c000f',1,'2015-01-25 15:22:39',3,'订单ID: null插入成功','192.168.89.1','Chrome'),('4028d9814b1ff5f4014b2149dada0004','402882be46404313014640b7eb1c000f',1,'2015-01-25 21:31:03',1,'用户：super登录成功','192.168.89.1','Chrome'),('4028d9814b2169c7014b216a61010001','402882be46404313014640b7eb1c000f',1,'2015-01-25 22:06:34',1,'用户：super登录成功','192.168.89.1','Chrome'),('4028d9814b2418c8014b241ae5520001','402882be46404313014640b7eb1c000f',1,'2015-01-26 10:38:37',1,'用户：super登录成功','192.168.89.1','Chrome'),('4028d9814b2418c8014b241b8d6c0002','402882be46404313014640b7eb1c000f',1,'2015-01-26 10:39:20',1,'用户：super登录成功','192.168.89.1','Firefox'),('4028d9814b2449b8014b2449ed1e0001','402882be46404313014640b7eb1c000f',1,'2015-01-26 11:29:59',1,'用户：super登录成功','192.168.89.1','Firefox'),('4028d9814b2449b8014b2450d4e10003','402882be46404313014640b7eb1c000f',1,'2015-01-26 11:37:32',3,'订单(编号:2015010001)下的产品: 0007插入成功','192.168.89.1','Firefox'),('4028d9814b2449b8014b247b6e4e0004','402882be46404313014640b7eb1c000f',1,'2015-01-26 12:24:03',5,'订单ID: 4028d9814b11f116014b11f1d54f0002更新成功','192.168.89.1','Firefox'),('4028d9814b2481d8014b2482409a0001','402882be46404313014640b7eb1c000f',1,'2015-01-26 12:31:30',1,'用户：super登录成功','192.168.89.1','Firefox'),('4028d9814b2481d8014b24b75f6b0002','402882be46404313014640b7eb1c000f',1,'2015-01-26 13:29:32',1,'用户：super登录成功','192.168.89.1','Chrome'),('4028d9814b2481d8014b24d8e2710004','402882be46404313014640b7eb1c000f',1,'2015-01-26 14:06:08',3,'生产厂家： 小何插入成功','192.168.89.1','Firefox'),('4028d9814b2481d8014b24d912310006','402882be46404313014640b7eb1c000f',1,'2015-01-26 14:06:20',3,'生产厂家： 二丫插入成功','192.168.89.1','Firefox'),('4028d9814b2481d8014b24d92a7d0008','402882be46404313014640b7eb1c000f',1,'2015-01-26 14:06:26',3,'生产厂家： 阿明插入成功','192.168.89.1','Firefox'),('4028d9814b2481d8014b24dc68980009','402882be46404313014640b7eb1c000f',1,'2015-01-26 14:09:59',5,'厂家ID：4028d9814b2481d8014b24d912030005禁用成功','192.168.89.1','Firefox'),('4028d9814b2481d8014b24dcdabc000a','402882be46404313014640b7eb1c000f',1,'2015-01-26 14:10:28',1,'用户：super登录成功','192.168.89.1','Chrome'),('4028d9814b252020014b2520cf710001','402882be46404313014640b7eb1c000f',1,'2015-01-26 15:24:42',1,'用户：super登录成功','192.168.89.1','Firefox'),('402882854b2f858d014b2f85dc780001','402882be46404313014640b7eb1c000f',1,'2015-01-28 15:51:16',1,'用户：super登录成功','192.168.2.5','Firefox'),('402882854b2f858d014b2f88b2e20002','402882be46404313014640b7eb1c000f',1,'2015-01-28 15:54:22',1,'用户：super登录成功','192.168.2.5','Chrome'),('4028d9814b309a56014b309ae3ea0001','402882be46404313014640b7eb1c000f',1,'2015-01-28 20:53:52',1,'用户：super登录成功','192.168.89.1','Firefox'),('4028d9814b309a56014b30c622c90002','402882be46404313014640b7eb1c000f',1,'2015-01-28 21:41:06',1,'用户：super登录成功','192.168.89.1','Firefox'),('402882a94b33423f014b3344ccb70001','402882be46404313014640b7eb1c000f',1,'2015-01-29 09:18:41',1,'用户：super登录成功','192.168.2.41','Firefox'),('402882a94b33423f014b3363616b0002','402882be46404313014640b7eb1c000f',1,'2015-01-29 09:52:05',1,'用户：super登录成功','192.168.2.41','Firefox'),('402882a94b33423f014b339706b20003','402882be46404313014640b7eb1c000f',1,'2015-01-29 10:48:30',1,'用户：super登录成功','192.168.2.41','Firefox'),('402882a94b33423f014b33a0b63d0004','402882be46404313014640b7eb1c000f',1,'2015-01-29 10:59:05',1,'用户：super登录成功','192.168.2.41','Firefox'),('402882a94b33423f014b33a157cc0005','402882be46404313014640b7eb1c000f',1,'2015-01-29 10:59:46',1,'用户：super登录成功','192.168.2.41','Firefox'),('402882a94b33423f014b345a05c40006','402882be46404313014640b7eb1c000f',1,'2015-01-29 14:21:29',1,'用户：super登录成功','192.168.2.41','Firefox'),('402882a94b33423f014b34ad89240007','402882be46404313014640b7eb1c000f',1,'2015-01-29 15:52:43',5,'订单ID: 4028d9814b11f116014b11f1d54f0002更新成功','192.168.2.41','Firefox'),('402882a94b33423f014b34cf77c00008','402882be46404313014640b7eb1c000f',1,'2015-01-29 16:29:46',5,'订单(编号:2015010001)下的产品: 1321435更新成功','192.168.2.41','Firefox'),('402882a94b33423f014b34d0d2080009','402882be46404313014640b7eb1c000f',1,'2015-01-29 16:31:15',5,'订单(编号:2015010001)下的产品: 1321435更新成功','192.168.2.41','Firefox'),('402882a94b33423f014b34d190e3000b','402882be46404313014640b7eb1c000f',1,'2015-01-29 16:32:04',3,'订单(编号:2015010001)下的产品: 0006插入成功','192.168.2.41','Firefox'),('402882a94b33423f014b34d1d198000d','402882be46404313014640b7eb1c000f',1,'2015-01-29 16:32:20',3,'订单(编号:2015010001)下的产品: 0003插入成功','192.168.2.41','Firefox'),('402882a94b33423f014b34d20422000f','402882be46404313014640b7eb1c000f',1,'2015-01-29 16:32:33',3,'订单(编号:2015010001)下的产品: 0008插入成功','192.168.2.41','Firefox'),('402882a94b33423f014b34d620070011','402882be46404313014640b7eb1c000f',1,'2015-01-29 16:37:03',3,'订单ID: null插入成功','192.168.2.41','Firefox'),('402882a94b33423f014b34da04b30012','402882be46404313014640b7eb1c000f',1,'2015-01-29 16:41:18',5,'订单ID: 4028d9814b1ff5f4014b1ff892e50002更新成功','192.168.2.41','Firefox'),('402882a94b34dcc2014b34dd736d0001','402882be46404313014640b7eb1c000f',1,'2015-01-29 16:45:03',1,'用户：super登录成功','192.168.2.41','Firefox'),('402882a94b34dcc2014b34ddb0440002','402882be46404313014640b7eb1c000f',1,'2015-01-29 16:45:18',5,'订单ID: 402882a94b33423f014b34d61f9f0010更新成功','192.168.2.41','Firefox'),('402882a94b34e61f014b34e666790001','402882be46404313014640b7eb1c000f',1,'2015-01-29 16:54:49',1,'用户：super登录成功','192.168.2.41','Firefox'),('4028d9814b35af5c014b35b050340001','402882be46404313014640b7eb1c000f',1,'2015-01-29 20:35:22',1,'用户：super登录成功','192.168.89.1','Firefox'),('4028d9814b35af5c014b35c4393c0002','402882be46404313014640b7eb1c000f',1,'2015-01-29 20:57:07',1,'用户：super登录成功','192.168.89.1','Firefox'),('4028d9814b35e214014b35e2542c0001','402882be46404313014640b7eb1c000f',1,'2015-01-29 21:30:00',1,'用户：super登录成功','192.168.89.1','Firefox'),('4028d9814b35e354014b35e38c0b0001','402882be46404313014640b7eb1c000f',1,'2015-01-29 21:31:19',1,'用户：super登录成功','192.168.89.1','Firefox'),('4028d9814b36174f014b3617a8cf0001','402882be46404313014640b7eb1c000f',1,'2015-01-29 22:28:15',1,'用户：super登录成功','192.168.89.1','Firefox'),('4028d9814b36174f014b361cd8000002','402882be46404313014640b7eb1c000f',1,'2015-01-29 22:33:54',5,'订单ID: 4028d9814b1ff5f4014b1ff892e50002更新成功','192.168.89.1','Firefox'),('4028d9814b3622c0014b362309370001','402882be46404313014640b7eb1c000f',1,'2015-01-29 22:40:40',1,'用户：super登录成功','192.168.89.1','Firefox'),('4028d9814b362601014b362657d80001','402882be46404313014640b7eb1c000f',1,'2015-01-29 22:44:17',1,'用户：super登录成功','192.168.89.1','Firefox'),('4028d9814b38646c014b3865eaeb0001','402882be46404313014640b7eb1c000f',1,'2015-01-30 09:12:58',1,'用户：super登录成功','192.168.89.1','Firefox'),('4028d9814b38646c014b388616310003','402882be46404313014640b7eb1c000f',1,'2015-01-30 09:48:06',3,'订单(编号:2015010003)下的产品: 0008插入成功','192.168.89.1','Firefox'),('4028d9814b38a40a014b38a453200001','402882be46404313014640b7eb1c000f',1,'2015-01-30 10:21:08',1,'用户：super登录成功','192.168.89.1','Firefox'),('4028d9814b38a40a014b38beb1b60003','402882be46404313014640b7eb1c000f',1,'2015-01-30 10:49:56',3,'权限: 添加实际数量插入成功','192.168.89.1','Firefox'),('4028d9814b38a40a014b38bfa6e6006c','402882be46404313014640b7eb1c000f',1,'2015-01-30 10:50:59',1,'用户：super登录成功','192.168.89.1','Firefox'),('4028d9814b38a40a014b390a2c0f006d','402882be46404313014640b7eb1c000f',1,'2015-01-30 12:12:22',1,'用户：super登录成功','192.168.89.1','Firefox'),('402882d84b394744014b39488a200001','402882be46404313014640b7eb1c000f',1,'2015-01-30 13:20:30',1,'用户：super登录成功','192.168.2.88','Firefox'),('402882d84b398a9d014b398ae24d0001','402882be46404313014640b7eb1c000f',1,'2015-01-30 14:32:58',1,'用户：super登录成功','192.168.2.88','Firefox'),('402882d84b398a9d014b39b6899e0003','402882be46404313014640b7eb1c000f',1,'2015-01-30 15:20:39',3,'产品类型： 123插入成功','192.168.2.88','Firefox'),('402882d84b398a9d014b39b6a0c80005','402882be46404313014640b7eb1c000f',1,'2015-01-30 15:20:45',3,'产品类型： 333插入成功','192.168.2.88','Firefox'),('402882d84b398a9d014b39b6d9360006','402882be46404313014640b7eb1c000f',1,'2015-01-30 15:20:59',4,'产品类型ID：402882d84b398a9d014b39b6a0990004删除成功','192.168.2.88','Firefox'),('402882d84b398a9d014b39b6e5950007','402882be46404313014640b7eb1c000f',1,'2015-01-30 15:21:02',4,'产品类型ID：402882d84b398a9d014b39b689110002删除成功','192.168.2.88','Firefox'),('402882d84b398a9d014b39deb8070008','402882be46404313014640b7eb1c000f',1,'2015-01-30 16:04:32',5,'订单(编号:2015010001)下的产品: 玫瑰更新成功','192.168.2.88','Firefox'),('402882d84b398a9d014b39deea2f0009','402882be46404313014640b7eb1c000f',1,'2015-01-30 16:04:45',5,'订单(编号:2015010001)下的产品: 玫瑰更新成功','192.168.2.88','Firefox'),('402882d84b398a9d014b39df16cb000a','402882be46404313014640b7eb1c000f',1,'2015-01-30 16:04:56',5,'订单(编号:2015010001)下的产品: 玫瑰更新成功','192.168.2.88','Firefox'),('402882d84b39e29d014b39e2de990001','402882be46404313014640b7eb1c000f',1,'2015-01-30 16:09:04',1,'用户：super登录成功','192.168.2.88','Firefox'),('402882d84b39e29d014b39e467140002','402882be46404313014640b7eb1c000f',1,'2015-01-30 16:10:44',5,'订单(编号:2015010002)下的产品: 1234更新成功','192.168.2.88','Firefox'),('402882d84b39e29d014b39e47b310003','402882be46404313014640b7eb1c000f',1,'2015-01-30 16:10:50',5,'订单(编号:2015010002)下的产品: 蘑菇更新成功','192.168.2.88','Firefox'),('402882d84b39e29d014b39e497e90004','402882be46404313014640b7eb1c000f',1,'2015-01-30 16:10:57',5,'订单(编号:2015010001)下的产品: 1321435更新成功','192.168.2.88','Firefox'),('402882d84b39e29d014b39e4a7160005','402882be46404313014640b7eb1c000f',1,'2015-01-30 16:11:01',5,'订单(编号:2015010001)下的产品: 1234更新成功','192.168.2.88','Firefox'),('402882d84b39e29d014b39e4b35d0006','402882be46404313014640b7eb1c000f',1,'2015-01-30 16:11:04',5,'订单(编号:2015010001)下的产品: 玫瑰更新成功','192.168.2.88','Firefox'),('402882d84b39e29d014b39e4bd6c0007','402882be46404313014640b7eb1c000f',1,'2015-01-30 16:11:06',5,'订单(编号:2015010001)下的产品: 蘑菇更新成功','192.168.2.88','Firefox'),('402882d84b39e29d014b39e4e7c90008','402882be46404313014640b7eb1c000f',1,'2015-01-30 16:11:17',5,'订单(编号:2015010003)下的产品: 1234更新成功','192.168.2.88','Firefox'),('402882d84b39e29d014b39e526720009','402882be46404313014640b7eb1c000f',1,'2015-01-30 16:11:33',5,'订单(编号:2015010001)下的产品: 玫瑰更新成功','192.168.2.88','Firefox'),('402882d84b39e29d014b39e5d1ec000a','402882be46404313014640b7eb1c000f',1,'2015-01-30 16:12:17',5,'订单(编号:2015010001)下的产品: 玫瑰更新成功','192.168.2.88','Firefox'),('402882d84b39e29d014b39e7a3dc000b','402882be46404313014640b7eb1c000f',1,'2015-01-30 16:14:17',5,'订单(编号:2015010001)下的产品: 玫瑰更新成功','192.168.2.88','Firefox'),('402882d84b39e29d014b39e7f6bf000d','402882be46404313014640b7eb1c000f',1,'2015-01-30 16:14:38',3,'产品类型： 33插入成功','192.168.2.88','Firefox'),('402882d84b39e29d014b39e81420000e','402882be46404313014640b7eb1c000f',1,'2015-01-30 16:14:45',5,'产品类型: 33更新成功','192.168.2.88','Firefox'),('402882d84b39e29d014b39e85ef5000f','402882be46404313014640b7eb1c000f',1,'2015-01-30 16:15:04',4,'产品类型ID：402882d84b39e29d014b39e7f6af000c删除成功','192.168.2.88','Firefox'),('402882d84b39e29d014b39e8c25f0010','402882be46404313014640b7eb1c000f',1,'2015-01-30 16:15:30',5,'订单(编号:2015010001)下的产品: 玫瑰更新成功','192.168.2.88','Firefox'),('402882d84b39e29d014b39f878070011','402882be46404313014640b7eb1c000f',1,'2015-01-30 16:32:39',5,'订单(编号:2015010001)下的产品: 玫瑰更新成功','192.168.2.88','Firefox'),('402882d84b39e29d014b3a006f7f0012','402882be46404313014640b7eb1c000f',1,'2015-01-30 16:41:22',5,'订单(编号:2015010001)下的产品: 玫瑰更新成功','192.168.2.88','Firefox'),('402882d84b39e29d014b3a0390c10013','402882be46404313014640b7eb1c000f',1,'2015-01-30 16:44:47',5,'订单(编号:2015010001)下的产品: 蘑菇更新成功','192.168.2.88','Firefox'),('402882d84b39e29d014b3a06931d0014','402882be46404313014640b7eb1c000f',1,'2015-01-30 16:48:04',5,'订单(编号:2015010003)下的产品: 1234更新成功','192.168.2.88','Firefox'),('402882d84b39e29d014b3a1205590015','402882be46404313014640b7eb1c000f',1,'2015-01-30 17:00:34',5,'订单(编号:2015010001)下的产品: 玫瑰更新成功','192.168.2.88','Firefox'),('402882d84b39e29d014b3a1231690016','402882be46404313014640b7eb1c000f',1,'2015-01-30 17:00:45',5,'订单(编号:2015010001)下的产品: 玫瑰更新成功','192.168.2.88','Firefox'),('4028d9814b3b14f2014b3b22d86d0001','402882be46404313014640b7eb1c000f',1,'2015-01-30 21:58:34',1,'用户：super登录成功','192.168.89.1','Firefox'),('4028d9814b3bafaf014b3bafe4820001','402882be46404313014640b7eb1c000f',1,'2015-01-31 00:32:37',1,'用户：super登录成功','192.168.89.1','Firefox'),('4028d9814b3bb18c014b3bb1db5e0001','402882be46404313014640b7eb1c000f',1,'2015-01-31 00:34:46',1,'用户：super登录成功','192.168.89.1','Firefox'),('4028d9814b45005c014b45010ec20001','402882be46404313014640b7eb1c000f',1,'2015-02-01 19:57:52',1,'用户：super登录成功','192.168.89.1','Firefox'),('4028d9814b45430d014b4543efa10001','402882be46404313014640b7eb1c000f',1,'2015-02-01 21:10:55',1,'用户：super登录成功','192.168.89.1','Firefox'),('4028d9814b45430d014b458b8d2d0003','402882be46404313014640b7eb1c000f',1,'2015-02-01 22:29:08',3,'订单ID: null插入成功','192.168.89.1','Firefox'),('4028d9814b45430d014b458d72ef0004','402882be46404313014640b7eb1c000f',1,'2015-02-01 22:31:12',5,'订单ID: 4028d9814b45430d014b458b4a140002更新成功','192.168.89.1','Firefox'),('4028d9814b45934b014b4593b7170001','402882be46404313014640b7eb1c000f',1,'2015-02-01 22:38:03',1,'用户：super登录成功','192.168.89.1','Firefox'),('4028d9814b45934b014b459512e10002','402882be46404313014640b7eb1c000f',1,'2015-02-01 22:39:32',4,'订单(：4028d9814b45430d014b458b4a140002)删除成功','192.168.89.1','Firefox'),('4028d9814b45934b014b459539c80004','402882be46404313014640b7eb1c000f',1,'2015-02-01 22:39:42',3,'订单ID: null插入成功','192.168.89.1','Firefox'),('4028d9814b45934b014b45955cc20005','402882be46404313014640b7eb1c000f',1,'2015-02-01 22:39:51',5,'订单ID: 4028d9814b45934b014b459539940003更新成功','192.168.89.1','Firefox'),('4028d9814b45934b014b4597abe70006','402882be46404313014640b7eb1c000f',1,'2015-02-01 22:42:22',4,'订单(：4028d9814b45934b014b459539940003)删除成功','192.168.89.1','Firefox'),('4028d9814b45934b014b4597d4ad0008','402882be46404313014640b7eb1c000f',1,'2015-02-01 22:42:33',3,'订单ID: null插入成功','192.168.89.1','Firefox'),('4028d9814b459fdc014b45a023be0001','402882be46404313014640b7eb1c000f',1,'2015-02-01 22:51:37',1,'用户：super登录成功','192.168.89.1','Firefox'),('4028d9814b459fdc014b45a0920f0002','402882be46404313014640b7eb1c000f',1,'2015-02-01 22:52:06',5,'订单ID: 4028d9814b45934b014b4597d44f0007更新成功','192.168.89.1','Firefox'),('4028d9814b45b0af014b45b1084c0001','402882be46404313014640b7eb1c000f',1,'2015-02-01 23:10:04',1,'用户：super登录成功','192.168.89.1','Firefox'),('4028d9814b45b0af014b45b245dd0002','402882be46404313014640b7eb1c000f',1,'2015-02-01 23:11:26',4,'订单(：4028d9814b45934b014b4597d44f0007)删除成功','192.168.89.1','Firefox'),('4028d9814b45b0af014b45b260fb0004','402882be46404313014640b7eb1c000f',1,'2015-02-01 23:11:33',3,'订单ID: null插入成功','192.168.89.1','Firefox'),('4028d9814b45b0af014b45b274660005','402882be46404313014640b7eb1c000f',1,'2015-02-01 23:11:38',5,'订单ID: 4028d9814b45b0af014b45b260ec0003更新成功','192.168.89.1','Firefox'),('4028d9814b45b0af014b45b308850006','402882be46404313014640b7eb1c000f',1,'2015-02-01 23:12:16',4,'订单(：4028d9814b45b0af014b45b260ec0003)删除成功','192.168.89.1','Firefox'),('4028d9814b45b0af014b45b478e80008','402882be46404313014640b7eb1c000f',1,'2015-02-01 23:13:50',3,'订单ID: null插入成功','192.168.89.1','Firefox'),('4028d9814b45b0af014b45b56a1b0009','402882be46404313014640b7eb1c000f',1,'2015-02-01 23:14:52',5,'订单ID: 4028d9814b45b0af014b45b478b80007更新成功','192.168.89.1','Firefox'),('402882bd4b4833d3014b4834155b0001','402882be46404313014640b7eb1c000f',1,'2015-02-02 10:52:27',1,'用户：super登录成功','192.168.2.61','Firefox'),('402882bd4b483863014b48389b260001','402882be46404313014640b7eb1c000f',1,'2015-02-02 10:57:24',1,'用户：super登录成功','192.168.2.61','Firefox'),('402882bd4b483863014b4857a45d0002','402882be46404313014640b7eb1c000f',1,'2015-02-02 11:31:18',1,'用户：super登录成功','192.168.2.61','Firefox'),('402882bd4b483863014b488c96a30003','402882be46404313014640b7eb1c000f',1,'2015-02-02 12:29:08',1,'用户：super登录成功','192.168.2.61','Firefox'),('4028d9814b4a3b09014b4a3b95da0001','402882be46404313014640b7eb1c000f',1,'2015-02-02 20:19:53',1,'用户：super登录成功','192.168.89.1','Firefox'),('4028d9814b4a3b09014b4a7d4aa50002','402882be46404313014640b7eb1c000f',1,'2015-02-02 21:31:40',5,'产品类型: 1234更新成功','192.168.89.1','Firefox'),('4028d9814b4ad87c014b4ad8c5a90001','402882be46404313014640b7eb1c000f',1,'2015-02-02 23:11:35',1,'用户：super登录成功','192.168.89.1','Firefox'),('4028d9814b4aed6b014b4aeda3dd0001','402882be46404313014640b7eb1c000f',1,'2015-02-02 23:34:22',1,'用户：super登录成功','192.168.89.1','Firefox'),('4028d9814b4aed6b014b4aee32730002','402882be46404313014640b7eb1c000f',1,'2015-02-02 23:34:59',5,'订单ids: 4028d9814b11f116014b11feb53e0007更新成功','192.168.89.1','Firefox'),('4028d9814b4aed6b014b4af3590f0003','402882be46404313014640b7eb1c000f',1,'2015-02-02 23:40:37',5,'订单ids: 4028d9814b45b0af014b45b478b80007更新成功','192.168.89.1','Firefox'),('4028d9814b4af5d7014b4af652a40001','402882be46404313014640b7eb1c000f',1,'2015-02-02 23:43:51',1,'用户：super登录成功','192.168.89.1','Firefox'),('4028d9814b4b0ee9014b4b0f89450001','402882be46404313014640b7eb1c000f',1,'2015-02-03 00:11:24',1,'用户：super登录成功','192.168.89.1','Firefox'),('4028d9814b4b222b014b4b22649d0001','402882be46404313014640b7eb1c000f',1,'2015-02-03 00:32:00',1,'用户：super登录成功','192.168.89.1','Firefox'),('4028d9814b4cf7ab014b4cf988850001','402882be46404313014640b7eb1c000f',1,'2015-02-03 09:06:36',1,'用户：super登录成功','192.168.89.1','Chrome'),('4028d9814b4cf7ab014b4cfec6370002','402882be46404313014640b7eb1c000f',1,'2015-02-03 09:12:20',1,'用户：super登录成功','192.168.89.1','Firefox'),('4028d9814b4cf7ab014b4d0080890003','402882be46404313014640b7eb1c000f',1,'2015-02-03 09:14:13',1,'用户：super登录成功','192.168.89.1','Chrome'),('4028d9814b4cf7ab014b4d0770870004','402882be46404313014640b7eb1c000f',1,'2015-02-03 09:21:48',1,'用户：super登录成功','192.168.89.1','Firefox'),('4028d9814b4cf7ab014b4d1773160005','402882be46404313014640b7eb1c000f',1,'2015-02-03 09:39:17',1,'用户：super登录成功','192.168.89.1','Chrome'),('4028d9814b4cf7ab014b4d21895b0006','402882be46404313014640b7eb1c000f',1,'2015-02-03 09:50:18',1,'用户：super登录成功','192.168.89.1','Firefox'),('4028d9814b4cf7ab014b4d48d28a0007','402882be46404313014640b7eb1c000f',1,'2015-02-03 10:33:13',1,'用户：super登录成功','192.168.89.1','Chrome'),('4028d9814b4cf7ab014b4d4ce9610008','402882be46404313014640b7eb1c000f',1,'2015-02-03 10:37:41',1,'用户：super登录成功','192.168.89.1','Chrome'),('4028d9814b4cf7ab014b4d5019e40009','402882be46404313014640b7eb1c000f',1,'2015-02-03 10:41:10',1,'用户：super登录成功','192.168.89.1','Chrome'),('4028d9814b4cf7ab014b4d5949bf000a','402882be46404313014640b7eb1c000f',1,'2015-02-03 10:51:12',1,'用户：super登录成功','192.168.89.1','Firefox'),('4028d9814b4cf7ab014b4dc073eb000b','402882be46404313014640b7eb1c000f',1,'2015-02-03 12:43:53',1,'用户：super登录成功','192.168.89.1','Firefox'),('4028d9814b4e96f6014b4e9dff140001','402882be46404313014640b7eb1c000f',1,'2015-02-03 16:45:52',1,'用户：super登录成功','192.168.89.1','Firefox'),('4028d9814b4f2e69014b4f3049d70001','402882be46404313014640b7eb1c000f',1,'2015-02-03 19:25:39',1,'用户：super登录成功','192.168.89.1','Firefox'),('4028d9814b4f2e69014b4f35f5ba0003','402882be46404313014640b7eb1c000f',1,'2015-02-03 19:31:51',3,'订单(编号:2015020005)下的产品: 0003插入成功','192.168.89.1','Firefox'),('4028d9814b4f2e69014b4f362c840005','402882be46404313014640b7eb1c000f',1,'2015-02-03 19:32:05',3,'订单(编号:2015020005)下的产品: 0008插入成功','192.168.89.1','Firefox'),('4028d9814b4f2e69014b4f3660420007','402882be46404313014640b7eb1c000f',1,'2015-02-03 19:32:18',3,'订单(编号:2015020005)下的产品: 0006插入成功','192.168.89.1','Firefox'),('4028d9814b4f2e69014b4f3688e90009','402882be46404313014640b7eb1c000f',1,'2015-02-03 19:32:29',3,'订单(编号:2015020005)下的产品: 0007插入成功','192.168.89.1','Firefox'),('4028d9814b4f2e69014b4f36cacb000b','402882be46404313014640b7eb1c000f',1,'2015-02-03 19:32:45',3,'订单(编号:2015020005)下的产品: 0003插入成功','192.168.89.1','Firefox'),('4028d9814b4f2e69014b4f36f97b000d','402882be46404313014640b7eb1c000f',1,'2015-02-03 19:32:57',3,'订单(编号:2015020005)下的产品: 0003插入成功','192.168.89.1','Firefox'),('4028d9814b4f2e69014b4f372cac000f','402882be46404313014640b7eb1c000f',1,'2015-02-03 19:33:10',3,'订单(编号:2015020005)下的产品: 0008插入成功','192.168.89.1','Firefox'),('4028d9814b4f2e69014b4f376fd50011','402882be46404313014640b7eb1c000f',1,'2015-02-03 19:33:28',3,'订单(编号:2015020005)下的产品: 0007插入成功','192.168.89.1','Firefox'),('4028d9814b4f2e69014b4f37a6ee0013','402882be46404313014640b7eb1c000f',1,'2015-02-03 19:33:42',3,'订单(编号:2015020005)下的产品: 0007插入成功','192.168.89.1','Firefox'),('4028d9814b4f2e69014b4f37da300015','402882be46404313014640b7eb1c000f',1,'2015-02-03 19:33:55',3,'订单(编号:2015020005)下的产品: 0006插入成功','192.168.89.1','Firefox'),('4028d9814b4f2e69014b4f38b8d20017','402882be46404313014640b7eb1c000f',1,'2015-02-03 19:34:52',3,'订单(编号:2015020005)下的产品: 0007插入成功','192.168.89.1','Firefox'),('4028d9814b4f2e69014b4f38d3180019','402882be46404313014640b7eb1c000f',1,'2015-02-03 19:34:59',3,'订单(编号:2015020005)下的产品: 0003插入成功','192.168.89.1','Firefox'),('4028d9814b4f2e69014b4f3916ce001a','402882be46404313014640b7eb1c000f',1,'2015-02-03 19:35:16',5,'订单(编号:2015020005)下的产品: 蘑菇更新成功','192.168.89.1','Firefox'),('4028d9814b4f2e69014b4f396194001c','402882be46404313014640b7eb1c000f',1,'2015-02-03 19:35:35',3,'订单(编号:2015020005)下的产品: 0006插入成功','192.168.89.1','Firefox'),('4028d9814b4f2e69014b4f39c113001e','402882be46404313014640b7eb1c000f',1,'2015-02-03 19:36:00',3,'订单(编号:2015020005)下的产品: 0008插入成功','192.168.89.1','Firefox'),('4028d9814b4f2e69014b4f50210c001f','402882be46404313014640b7eb1c000f',1,'2015-02-03 20:00:26',5,'订单ids: 4028d9814b45b0af014b45b478b80007修改送货单打印状态成功','192.168.89.1','Firefox'),('4028d9814b4f2e69014b4f9279a60020','402882be46404313014640b7eb1c000f',1,'2015-02-03 21:12:54',5,'订单ids: 4028d9814b45b0af014b45b478b80007修改送货单打印状态成功','192.168.89.1','Firefox'),('4028d9814b4f2e69014b4fb3e82d0021','402882be46404313014640b7eb1c000f',1,'2015-02-03 21:49:25',5,'订单ids: 4028d9814b45b0af014b45b478b80007修改送货单打印状态成功','192.168.89.1','Firefox'),('4028d9814b4f2e69014b4fb5799a0022','402882be46404313014640b7eb1c000f',1,'2015-02-03 21:51:08',5,'订单ids: 4028d9814b11f116014b11feb53e0007修改送货单打印状态成功','192.168.89.1','Firefox'),('4028d9814b4f2e69014b4fe217f40023','402882be46404313014640b7eb1c000f',1,'2015-02-03 22:39:52',1,'用户：super登录成功','192.168.89.1','Firefox'),('4028d9814b4f2e69014b4fe54b9d0024','402882be46404313014640b7eb1c000f',1,'2015-02-03 22:43:22',5,'订单(编号:2015010001)下的产品: 1234更新成功','192.168.89.1','Firefox'),('4028d9814b4f2e69014b4fe97a8d0025','402882be46404313014640b7eb1c000f',1,'2015-02-03 22:47:56',5,'订单ID: 4028d9814b45b0af014b45b478b80007更新成功','192.168.89.1','Firefox'),('4028d9814b4f2e69014b4ffbfbef0026','402882be46404313014640b7eb1c000f',1,'2015-02-03 23:08:09',5,'订单(编号:2015020005)下的产品: 1321435更新成功','192.168.89.1','Firefox'),('4028d9814b4f2e69014b4ffc0fec0027','402882be46404313014640b7eb1c000f',1,'2015-02-03 23:08:14',5,'订单(编号:2015020005)下的产品: 1234更新成功','192.168.89.1','Firefox'),('4028d9814b4f2e69014b4ffc44650028','402882be46404313014640b7eb1c000f',1,'2015-02-03 23:08:27',5,'订单(编号:2015020005)下的产品: 1234更新成功','192.168.89.1','Firefox'),('4028d9814b4f2e69014b4ffc53440029','402882be46404313014640b7eb1c000f',1,'2015-02-03 23:08:31',5,'订单(编号:2015020005)下的产品: 1321435更新成功','192.168.89.1','Firefox'),('4028d9814b4f2e69014b4ffc6a3f002a','402882be46404313014640b7eb1c000f',1,'2015-02-03 23:08:37',5,'订单(编号:2015020005)下的产品: 1234更新成功','192.168.89.1','Firefox'),('4028d9814b4f2e69014b500cdeb0002b','402882be46404313014640b7eb1c000f',1,'2015-02-03 23:26:35',5,'厂家ID：4028d9814b2481d8014b24d912030005启用成功','192.168.89.1','Firefox'),('4028d9814b505fed014b506027130001','402882be46404313014640b7eb1c000f',1,'2015-02-04 00:57:33',1,'用户：super登录成功','192.168.89.1','Firefox'),('4028d9814b52183b014b521b2a140001','402882be46404313014640b7eb1c000f',1,'2015-02-04 09:01:26',1,'用户：super登录成功','192.168.89.1','Firefox'),('4028d9814b52285d014b5228f0590001','402882be46404313014640b7eb1c000f',1,'2015-02-04 09:16:29',1,'用户：super登录成功','192.168.89.1','Firefox'),('4028d9814b523123014b52318fbf0001','402882be46404313014640b7eb1c000f',1,'2015-02-04 09:25:54',1,'用户：super登录成功','192.168.89.1','Firefox'),('4028d9814b523933014b523992890001','402882be46404313014640b7eb1c000f',1,'2015-02-04 09:34:39',1,'用户：super登录成功','192.168.89.1','Firefox'),('4028d9814b523933014b524b23040002','402882be46404313014640b7eb1c000f',1,'2015-02-04 09:53:50',1,'用户：super登录成功','192.168.89.1','Firefox'),('4028d9814b523933014b527e119c0004','402882be46404313014640b7eb1c000f',1,'2015-02-04 10:49:28',3,'订单(编号:2015020005)下的产品: 0003插入成功','192.168.89.1','Firefox'),('4028d9814b523933014b527e3be90006','402882be46404313014640b7eb1c000f',1,'2015-02-04 10:49:39',3,'订单(编号:2015020005)下的产品: 0003插入成功','192.168.89.1','Firefox'),('4028d9814b523933014b527e59590008','402882be46404313014640b7eb1c000f',1,'2015-02-04 10:49:47',3,'订单(编号:2015020005)下的产品: 0003插入成功','192.168.89.1','Firefox'),('4028d9814b523933014b527e7979000a','402882be46404313014640b7eb1c000f',1,'2015-02-04 10:49:55',3,'订单(编号:2015020005)下的产品: 0003插入成功','192.168.89.1','Firefox'),('4028d9814b523933014b527fa1e9000c','402882be46404313014640b7eb1c000f',1,'2015-02-04 10:51:11',3,'订单(编号:2015010004)下的产品: 0003插入成功','192.168.89.1','Firefox'),('4028d9814b523933014b527fba8a000e','402882be46404313014640b7eb1c000f',1,'2015-02-04 10:51:17',3,'订单(编号:2015010004)下的产品: 0003插入成功','192.168.89.1','Firefox'),('4028d9814b523933014b527fd4140010','402882be46404313014640b7eb1c000f',1,'2015-02-04 10:51:24',3,'订单(编号:2015010004)下的产品: 0003插入成功','192.168.89.1','Firefox'),('4028d9814b523933014b527fef340012','402882be46404313014640b7eb1c000f',1,'2015-02-04 10:51:30',3,'订单(编号:2015010004)下的产品: 0003插入成功','192.168.89.1','Firefox'),('4028d9814b523933014b5280095a0014','402882be46404313014640b7eb1c000f',1,'2015-02-04 10:51:37',3,'订单(编号:2015010004)下的产品: 0003插入成功','192.168.89.1','Firefox'),('4028d9814b523933014b528028ed0016','402882be46404313014640b7eb1c000f',1,'2015-02-04 10:51:45',3,'订单(编号:2015010004)下的产品: 0003插入成功','192.168.89.1','Firefox'),('4028d9814b523933014b528044c70018','402882be46404313014640b7eb1c000f',1,'2015-02-04 10:51:52',3,'订单(编号:2015010004)下的产品: 0003插入成功','192.168.89.1','Firefox'),('4028d9814b523933014b528061dc001a','402882be46404313014640b7eb1c000f',1,'2015-02-04 10:52:00',3,'订单(编号:2015010004)下的产品: 0003插入成功','192.168.89.1','Firefox'),('4028d9814b523933014b52808101001c','402882be46404313014640b7eb1c000f',1,'2015-02-04 10:52:08',3,'订单(编号:2015010004)下的产品: 0003插入成功','192.168.89.1','Firefox'),('4028d9814b523933014b52809f5c001e','402882be46404313014640b7eb1c000f',1,'2015-02-04 10:52:16',3,'订单(编号:2015010004)下的产品: 0003插入成功','192.168.89.1','Firefox'),('4028d9814b523933014b5287ac1a001f','402882be46404313014640b7eb1c000f',1,'2015-02-04 10:59:58',5,'订单ids: 4028d9814b45b0af014b45b478b80007修改送货单打印状态成功','192.168.89.1','Firefox'),('4028d9814b523933014b52883c0d0020','402882be46404313014640b7eb1c000f',1,'2015-02-04 11:00:34',5,'订单ids: 4028d9814b45b0af014b45b478b80007修改生产单打印状态成功','192.168.89.1','Firefox'),('4028d9814b54b335014b54b421ea0001','402882be46404313014640b7eb1c000f',1,'2015-02-04 21:07:46',1,'用户：super登录成功','192.168.89.1','Chrome'),('4028d9814b54b335014b54b6b5f40003','402882be46404313014640b7eb1c000f',1,'2015-02-04 21:10:35',3,'订单(编号:2015010004)下的产品: 0003插入成功','192.168.89.1','Chrome'),('4028d9814b54b335014b54bc29470004','402882be46404313014640b7eb1c000f',1,'2015-02-04 21:16:32',1,'用户：super登录成功','192.168.89.1','Chrome'),('4028d9814b54b335014b54f566c50005','402882be46404313014640b7eb1c000f',1,'2015-02-04 22:19:03',1,'用户：super登录成功','192.168.89.1','其它'),('4028d9814b54b335014b54f9f4c10007','402882be46404313014640b7eb1c000f',1,'2015-02-04 22:24:02',3,'订单(编号:2015020005)下的产品: 0008插入成功','192.168.89.1','其它'),('4028d9814b54b335014b54fa18540009','402882be46404313014640b7eb1c000f',1,'2015-02-04 22:24:11',3,'订单(编号:2015020005)下的产品: 0008插入成功','192.168.89.1','其它'),('4028d9814b54b335014b54fa35f7000b','402882be46404313014640b7eb1c000f',1,'2015-02-04 22:24:18',3,'订单(编号:2015020005)下的产品: 0006插入成功','192.168.89.1','其它'),('4028d9814b54b335014b54fa5ec2000d','402882be46404313014640b7eb1c000f',1,'2015-02-04 22:24:29',3,'订单(编号:2015020005)下的产品: 0003插入成功','192.168.89.1','其它'),('4028d9814b54b335014b54fa8251000f','402882be46404313014640b7eb1c000f',1,'2015-02-04 22:24:38',3,'订单(编号:2015020005)下的产品: 0008插入成功','192.168.89.1','其它'),('4028d9814b54b335014b54faa8b00011','402882be46404313014640b7eb1c000f',1,'2015-02-04 22:24:48',3,'订单(编号:2015020005)下的产品: 0006插入成功','192.168.89.1','其它'),('4028d9814b54b335014b54facb5f0013','402882be46404313014640b7eb1c000f',1,'2015-02-04 22:24:57',3,'订单(编号:2015020005)下的产品: 0006插入成功','192.168.89.1','其它'),('4028d9814b54b335014b54faec4d0015','402882be46404313014640b7eb1c000f',1,'2015-02-04 22:25:05',3,'订单(编号:2015020005)下的产品: 0006插入成功','192.168.89.1','其它'),('4028d9814b54b335014b54fb11820017','402882be46404313014640b7eb1c000f',1,'2015-02-04 22:25:15',3,'订单(编号:2015020005)下的产品: 0006插入成功','192.168.89.1','其它'),('4028d9814b54b335014b54fb2e310019','402882be46404313014640b7eb1c000f',1,'2015-02-04 22:25:22',3,'订单(编号:2015020005)下的产品: 0006插入成功','192.168.89.1','其它'),('4028d9814b54b335014b54fb51aa001b','402882be46404313014640b7eb1c000f',1,'2015-02-04 22:25:31',3,'订单(编号:2015020005)下的产品: 0007插入成功','192.168.89.1','其它'),('4028d9814b54b335014b54fb882c001d','402882be46404313014640b7eb1c000f',1,'2015-02-04 22:25:45',3,'订单(编号:2015020005)下的产品: 0007插入成功','192.168.89.1','其它'),('4028d9814b54b335014b54fc39bf001f','402882be46404313014640b7eb1c000f',1,'2015-02-04 22:26:30',3,'订单(编号:2015020005)下的产品: 0007插入成功','192.168.89.1','其它'),('4028d9814b54b335014b54fc648e0021','402882be46404313014640b7eb1c000f',1,'2015-02-04 22:26:41',3,'订单(编号:2015020005)下的产品: 0008插入成功','192.168.89.1','其它'),('4028d9814b54b335014b54fc844b0023','402882be46404313014640b7eb1c000f',1,'2015-02-04 22:26:50',3,'订单(编号:2015020005)下的产品: 0007插入成功','192.168.89.1','其它'),('4028d9814b54b335014b54fca5610025','402882be46404313014640b7eb1c000f',1,'2015-02-04 22:26:58',3,'订单(编号:2015020005)下的产品: 0006插入成功','192.168.89.1','其它'),('4028d9814b54b335014b54fccc3d0027','402882be46404313014640b7eb1c000f',1,'2015-02-04 22:27:08',3,'订单(编号:2015020005)下的产品: 0007插入成功','192.168.89.1','其它'),('4028d9814b54b335014b54fcee700029','402882be46404313014640b7eb1c000f',1,'2015-02-04 22:27:17',3,'订单(编号:2015020005)下的产品: 0007插入成功','192.168.89.1','其它'),('4028d9814b54b335014b54fd1d17002b','402882be46404313014640b7eb1c000f',1,'2015-02-04 22:27:29',3,'订单(编号:2015020005)下的产品: 0006插入成功','192.168.89.1','其它'),('4028d9814b54b335014b54fd3963002d','402882be46404313014640b7eb1c000f',1,'2015-02-04 22:27:36',3,'订单(编号:2015020005)下的产品: 0007插入成功','192.168.89.1','其它'),('4028d9814b54b335014b54fd57b1002f','402882be46404313014640b7eb1c000f',1,'2015-02-04 22:27:44',3,'订单(编号:2015020005)下的产品: 0008插入成功','192.168.89.1','其它'),('4028d9814b54b335014b54fd76040031','402882be46404313014640b7eb1c000f',1,'2015-02-04 22:27:51',3,'订单(编号:2015020005)下的产品: 0008插入成功','192.168.89.1','其它'),('4028d9814b54b335014b54fe84630033','402882be46404313014640b7eb1c000f',1,'2015-02-04 22:29:01',3,'订单(编号:2015020005)下的产品: 0006插入成功','192.168.89.1','其它'),('4028d9814b54b335014b54feb5dc0035','402882be46404313014640b7eb1c000f',1,'2015-02-04 22:29:13',3,'订单(编号:2015020005)下的产品: 0006插入成功','192.168.89.1','其它'),('4028d9814b54b335014b54fecaf60037','402882be46404313014640b7eb1c000f',1,'2015-02-04 22:29:19',3,'订单(编号:2015020005)下的产品: 0007插入成功','192.168.89.1','其它'),('4028d9814b54b335014b54ff29c90038','402882be46404313014640b7eb1c000f',1,'2015-02-04 22:29:43',5,'订单(编号:2015020005)下的产品: 1321435更新成功','192.168.89.1','其它'),('4028d9814b54b335014b54ff711a003a','402882be46404313014640b7eb1c000f',1,'2015-02-04 22:30:01',3,'订单(编号:2015020005)下的产品: 0008插入成功','192.168.89.1','其它'),('4028d9814b54b335014b54ff9f83003c','402882be46404313014640b7eb1c000f',1,'2015-02-04 22:30:13',3,'订单(编号:2015020005)下的产品: 0007插入成功','192.168.89.1','其它'),('4028d9814b54b335014b55144526003d','402882be46404313014640b7eb1c000f',1,'2015-02-04 22:52:46',1,'用户：super登录成功','192.168.89.1','Safari'),('4028d9814b54b335014b551d5925003e','402882be46404313014640b7eb1c000f',1,'2015-02-04 23:02:41',1,'用户：super登录成功','192.168.89.1','Safari'),('4028d9814b54b335014b553d2157003f','402882be46404313014640b7eb1c000f',1,'2015-02-04 23:37:24',1,'用户：super登录成功','192.168.89.1','Chrome'),('4028d9814b54b335014b553dc8a30040','402882be46404313014640b7eb1c000f',1,'2015-02-04 23:38:07',1,'用户：super登录成功','192.168.89.1','其它'),('402882c94b76e855014b76e8cb3d0001','402882be46404313014640b7eb1c000f',1,'2015-02-11 12:32:22',1,'用户：super登录成功','192.168.2.73','Firefox'),('402882c94b76e855014b76e9249b0002','402882be46404313014640b7eb1c000f',1,'2015-02-11 12:32:45',8,'图片备份成功','192.168.2.73','Firefox'),('402882c94b76ea6b014b76eabf440001','402882be46404313014640b7eb1c000f',1,'2015-02-11 12:34:30',1,'用户：super登录成功','192.168.2.73','Firefox'),('402882c94b76ea6b014b76eade660002','402882be46404313014640b7eb1c000f',1,'2015-02-11 12:34:38',8,'图片备份成功','192.168.2.73','Firefox'),('402882c94b76ea6b014b76eb17e30003','402882be46404313014640b7eb1c000f',1,'2015-02-11 12:34:53',8,'图片备份成功','192.168.2.73','Firefox'),('402882c94b76ea6b014b76eb1f0e0004','402882be46404313014640b7eb1c000f',1,'2015-02-11 12:34:55',8,'图片备份成功','192.168.2.73','Firefox'),('402882c94b76ea6b014b76eb1fd80005','402882be46404313014640b7eb1c000f',1,'2015-02-11 12:34:55',8,'图片备份成功','192.168.2.73','Firefox'),('402882c94b76ea6b014b76eb20c40006','402882be46404313014640b7eb1c000f',1,'2015-02-11 12:34:55',8,'图片备份成功','192.168.2.73','Firefox'),('402882c94b76ea6b014b76eec8c20007','402882be46404313014640b7eb1c000f',1,'2015-02-11 12:38:55',8,'图片备份成功','192.168.2.73','Firefox'),('402882c94b76ea6b014b76f133db0008','402882be46404313014640b7eb1c000f',1,'2015-02-11 12:41:33',8,'图片备份成功','192.168.89.1','Firefox'),('402882c94b76ea6b014b76f25fd60009','402882be46404313014640b7eb1c000f',1,'2015-02-11 12:42:50',1,'用户：super登录成功','192.168.89.1','Firefox'),('402882c94b76ea6b014b76f29161000a','402882be46404313014640b7eb1c000f',1,'2015-02-11 12:43:03',8,'图片备份成功','192.168.89.1','Firefox'),('402882c94b76ea6b014b76f3d483000b','402882be46404313014640b7eb1c000f',1,'2015-02-11 12:44:26',8,'图片备份成功','192.168.89.1','Firefox'),('4028d9814b7702af014b77031cc70001','402882be46404313014640b7eb1c000f',1,'2015-02-11 13:01:07',1,'用户：super登录成功','192.168.89.1','Firefox'),('4028d9814b7702af014b77033b1d0002','402882be46404313014640b7eb1c000f',1,'2015-02-11 13:01:15',8,'图片备份成功','192.168.89.1','Firefox'),('4028d9814b7710f7014b77115be40001','402882be46404313014640b7eb1c000f',1,'2015-02-11 13:16:41',1,'用户：super登录成功','192.168.89.1','Firefox'),('4028d9814b77144b014b77149f210001','402882be46404313014640b7eb1c000f',1,'2015-02-11 13:20:15',1,'用户：super登录成功','192.168.89.1','Firefox'),('4028d9814b771b1c014b771b81560001','402882be46404313014640b7eb1c000f',1,'2015-02-11 13:27:46',1,'用户：super登录成功','192.168.89.1','Firefox'),('4028d9814b771b1c014b771f13990002','402882be46404313014640b7eb1c000f',1,'2015-02-11 13:31:40',8,'数据库备份成功','192.168.89.1','Firefox'),('4028d9814b77385f014b7738ab9d0001','402882be46404313014640b7eb1c000f',1,'2015-02-11 13:59:37',1,'用户：super登录成功','192.168.89.1','Firefox'),('4028d9814b77385f014b7738c64a0002','402882be46404313014640b7eb1c000f',1,'2015-02-11 13:59:44',8,'数据库备份成功','192.168.89.1','Firefox'),('4028d9814b77385f014b773ae1f70003','402882be46404313014640b7eb1c000f',1,'2015-02-11 14:02:02',8,'数据库备份成功','192.168.89.1','Firefox'),('4028d9814b77385f014b773b21b40004','402882be46404313014640b7eb1c000f',1,'2015-02-11 14:02:18',8,'数据库备份成功','192.168.89.1','Firefox'),('402882c94b779c81014b779d44110001','402882be46404313014640b7eb1c000f',1,'2015-02-11 15:49:30',1,'用户：super登录成功','192.168.2.73','Firefox'),('402882c94b779c81014b77aa4b7b0002','402882be46404313014640b7eb1c000f',1,'2015-02-11 16:03:44',8,'数据库备份成功','192.168.2.73','Firefox'),('402882c94b779c81014b77aa849a0003','402882be46404313014640b7eb1c000f',1,'2015-02-11 16:03:58',8,'数据库备份成功','192.168.2.73','Firefox'),('402882c94b779c81014b77ab35330004','402882be46404313014640b7eb1c000f',1,'2015-02-11 16:04:43',8,'数据库备份成功','192.168.2.73','Firefox'),('402882c94b77adf4014b77ae3fd30001','402882be46404313014640b7eb1c000f',1,'2015-02-11 16:08:03',1,'用户：super登录成功','192.168.2.73','Firefox'),('402882c94b77adf4014b77aee36b0002','402882be46404313014640b7eb1c000f',1,'2015-02-11 16:08:45',8,'数据库备份成功','192.168.2.73','Firefox'),('402882c94b77adf4014b77af2a4d0003','402882be46404313014640b7eb1c000f',1,'2015-02-11 16:09:03',8,'数据库备份成功','192.168.2.73','Firefox'),('402882c94b77adf4014b77b0afd90004','402882be46404313014640b7eb1c000f',1,'2015-02-11 16:10:43',8,'数据库备份成功','192.168.2.73','Firefox'),('402882c94b77b0ef014b77b12a9f0001','402882be46404313014640b7eb1c000f',1,'2015-02-11 16:11:14',1,'用户：super登录成功','192.168.2.73','Firefox'),('402882c94b77b0ef014b77b2157e0002','402882be46404313014640b7eb1c000f',1,'2015-02-11 16:12:14',8,'数据库备份成功','192.168.2.73','Firefox'),('402882c94b77c029014b77c06f2e0001','402882be46404313014640b7eb1c000f',1,'2015-02-11 16:27:55',1,'用户：super登录成功','192.168.2.73','Firefox'),('402882c94b77c029014b77c0dd940002','402882be46404313014640b7eb1c000f',1,'2015-02-11 16:28:23',8,'数据库备份成功','192.168.2.73','Firefox'),('402882c94b77c029014b77c1165e0003','402882be46404313014640b7eb1c000f',1,'2015-02-11 16:28:37',8,'数据库备份成功','192.168.2.73','Firefox'),('402882c94b77d43f014b77d499960001','402882be46404313014640b7eb1c000f',1,'2015-02-11 16:49:56',1,'用户：super登录成功','192.168.2.73','Firefox'),('4028d9814b830b58014b830bacee0001','402882be46404313014640b7eb1c000f',1,'2015-02-13 21:05:55',1,'用户：super登录成功','192.168.89.1','Firefox'),('4028d9814b830b58014b832976de0002','402882be46404313014640b7eb1c000f',1,'2015-02-13 21:38:27',5,'订单ids: 4028d9814b45b0af014b45b478b80007修改生产单打印状态成功','192.168.89.1','Firefox'),('4028d9814b830b58014b833e7cb40003','402882be46404313014640b7eb1c000f',1,'2015-02-13 22:01:25',5,'订单ids: 402882a94b33423f014b34d61f9f0010修改生产单打印状态成功','192.168.89.1','Firefox'),('4028d9814b83901b014b83905e0a0001','402882be46404313014640b7eb1c000f',1,'2015-02-13 23:30:51',1,'用户：super登录成功','192.168.89.1','Firefox'),('4028d9814b83901b014b83a099c50002','402882be46404313014640b7eb1c000f',1,'2015-02-13 23:48:35',5,'订单(编号:2015020005)下的产品: 1234更新成功','192.168.89.1','Firefox'),('4028d9814b83901b014b83a0c4570003','402882be46404313014640b7eb1c000f',1,'2015-02-13 23:48:46',5,'订单(编号:2015020005)下的产品: 1234更新成功','192.168.89.1','Firefox'),('402881fd4b85ccc9014b85ce61d20001','402882be46404313014640b7eb1c000f',1,'2015-02-14 09:57:50',1,'用户：super登录成功','192.168.1.125','Chrome'),('402881fd4b85ccc9014b85d539210002','402882be46404313014640b7eb1c000f',1,'2015-02-14 10:05:18',5,'订单ids: 402882a94b33423f014b34d61f9f0010修改送货单打印状态成功','192.168.1.125','Chrome'),('402881fd4b85ccc9014b85d83c760003','402882be46404313014640b7eb1c000f',1,'2015-02-14 10:08:35',1,'用户：super登录成功','192.168.1.125','Chrome'),('402881fd4b85ccc9014b85da6b080004','402882be46404313014640b7eb1c000f',1,'2015-02-14 10:10:58',1,'用户：super登录成功','192.168.1.125','Firefox'),('402881fd4b85ccc9014b85de28d90005','402882be46404313014640b7eb1c000f',1,'2015-02-14 10:15:04',1,'用户：super登录成功','192.168.1.125','MSIE 6.0'),('402881fd4b85ccc9014b85e11e950006','402882be46404313014640b7eb1c000f',1,'2015-02-14 10:18:18',1,'用户：super登录成功','192.168.1.125','MSIE 6.0'),('402881fd4b85ccc9014b85e1f69a0007','402882be46404313014640b7eb1c000f',1,'2015-02-14 10:19:13',1,'用户：super登录成功','192.168.1.125','MSIE 6.0'),('402881fd4b85ccc9014b85e698ee0008','402882be46404313014640b7eb1c000f',1,'2015-02-14 10:24:17',1,'用户：super登录成功','192.168.1.125','Firefox'),('402881fd4b85ccc9014b85ff254f0009','402882be46404313014640b7eb1c000f',1,'2015-02-14 10:51:05',1,'用户：super登录成功','192.168.1.125','Chrome'),('402881fd4b85ccc9014b86001878000a','402882be46404313014640b7eb1c000f',1,'2015-02-14 10:52:08',5,'订单ids: 4028d9814b11f116014b11feb53e0007修改生产单打印状态成功','192.168.1.125','Chrome'),('402881fd4b85ccc9014b861d8dd8000b','402882be46404313014640b7eb1c000f',1,'2015-02-14 11:24:18',1,'用户：super登录成功','192.168.89.1','Chrome'),('402881fd4b85ccc9014b861f4f36000c','402882be46404313014640b7eb1c000f',1,'2015-02-14 11:26:13',1,'用户：super登录成功','192.168.89.1','Firefox'),('402881fd4b85ccc9014b86223a16000d','402882be46404313014640b7eb1c000f',1,'2015-02-14 11:29:25',5,'订单ids: 4028d9814b11f116014b11f1d54f0002修改送货单打印状态成功','192.168.89.1','Firefox'),('402881fd4b85ccc9014b862281b2000e','402882be46404313014640b7eb1c000f',1,'2015-02-14 11:29:43',1,'用户：super登录成功','192.168.89.1','Firefox'),('402881fd4b85ccc9014b86246196000f','402882be46404313014640b7eb1c000f',1,'2015-02-14 11:31:46',5,'订单ids: 4028d9814b11f116014b11feb53e0007修改送货单打印状态成功','192.168.89.1','Firefox'),('402881fd4b85ccc9014b862608f00010','402882be46404313014640b7eb1c000f',1,'2015-02-14 11:33:34',5,'订单ids: 4028d9814b11f116014b11feb53e0007修改送货单打印状态成功','192.168.89.1','Firefox'),('402881fd4b85ccc9014b86278f010011','402882be46404313014640b7eb1c000f',1,'2015-02-14 11:35:14',1,'用户：super登录成功','192.168.89.1','MSIE 6.0'),('402881fd4b85ccc9014b8629312c0012','402882be46404313014640b7eb1c000f',1,'2015-02-14 11:37:01',1,'用户：super登录成功','192.168.89.1','MSIE 6.0'),('402881fd4b85ccc9014b862a68a90013','402882be46404313014640b7eb1c000f',1,'2015-02-14 11:38:21',1,'用户：super登录成功','192.168.89.1','MSIE 6.0'),('402881fd4b85ccc9014b864528220014','402882be46404313014640b7eb1c000f',1,'2015-02-14 12:07:34',1,'用户：super登录成功','192.168.89.1','Chrome'),('402881fd4b85ccc9014b864623950015','402882be46404313014640b7eb1c000f',1,'2015-02-14 12:08:38',1,'用户：super登录成功','192.168.89.1','Chrome'),('402881fd4b85ccc9014b86491dd10016','402882be46404313014640b7eb1c000f',1,'2015-02-14 12:11:53',1,'用户：super登录成功','192.168.89.1','其它'),('402881fd4b85ccc9014b864c7d420017','402882be46404313014640b7eb1c000f',1,'2015-02-14 12:15:34',1,'用户：super登录成功','192.168.89.1','Chrome'),('402880854b86747d014b867506b00001','402882be46404313014640b7eb1c000f',1,'2015-02-14 12:59:51',1,'用户：super登录成功','192.168.0.5','Chrome'),('f3630e6b4b8681fb014b8682faa70001','402882be46404313014640b7eb1c000f',1,'2015-02-14 13:15:05',1,'用户：super登录成功','115.227.142.235','Chrome'),('f3630e6b4b8681fb014b87222b0b0002','402882be46404313014640b7eb1c000f',1,'2015-02-14 16:08:58',1,'用户：super登录成功','115.227.142.235','Chrome'),('f3630e6b4b8681fb014b87248a430003','402882be46404313014640b7eb1c000f',1,'2015-02-14 16:11:33',1,'用户：super登录成功','115.227.142.235','Chrome'),('f365261c4baabdf0014baabe65d00001','402882be46404313014640b7eb1c000f',1,'2015-02-21 14:06:19',1,'用户：super登录成功','115.229.166.156','Chrome'),('f365261c4babb100014babb3ec5a0001','402882be46404313014640b7eb1c000f',1,'2015-02-21 18:34:30',1,'用户：super登录成功','115.229.166.156','其它'),('f36328d24baf66ea014baf6750fc0001','402882be46404313014640b7eb1c000f',1,'2015-02-22 11:49:18',1,'用户：super登录成功','115.227.168.82','Chrome'),('f36328d24baf66ea014baf6772490002','402882be46404313014640b7eb1c000f',1,'2015-02-22 11:49:27',8,'数据库备份成功','115.227.168.82','Chrome'),('f36328d24baf66ea014baf67dcb90003','402882be46404313014640b7eb1c000f',1,'2015-02-22 11:49:54',8,'数据库备份成功','115.227.168.82','Chrome'),('f36328d24baf66ea014baf68056e0004','402882be46404313014640b7eb1c000f',1,'2015-02-22 11:50:04',8,'数据库备份成功','115.227.168.82','Chrome'),('f36328d24baf66ea014baf6820d60005','402882be46404313014640b7eb1c000f',1,'2015-02-22 11:50:11',8,'数据库备份成功','115.227.168.82','Chrome'),('f36328d24baf66ea014baf683bda0006','402882be46404313014640b7eb1c000f',1,'2015-02-22 11:50:18',8,'数据库备份成功','115.227.168.82','Chrome'),('f36328d24baf66ea014baf685e5d0007','402882be46404313014640b7eb1c000f',1,'2015-02-22 11:50:27',8,'数据库备份成功','115.227.168.82','Chrome'),('f36328d24baf66ea014baf688d0b0008','402882be46404313014640b7eb1c000f',1,'2015-02-22 11:50:39',8,'图片备份成功','115.227.168.82','Chrome');
/*!40000 ALTER TABLE `sys_log` ENABLE KEYS */;
UNLOCK TABLES;

--
-- Table structure for table `sys_menu`
--

DROP TABLE IF EXISTS `sys_menu`;
/*!40101 SET @saved_cs_client     = @@character_set_client */;
/*!40101 SET character_set_client = utf8 */;
CREATE TABLE `sys_menu` (
  `id` char(32) NOT NULL COMMENT 'ID',
  `code` varchar(64) DEFAULT NULL COMMENT '菜单编码',
  `name` varchar(64) DEFAULT NULL COMMENT '菜单名称',
  `url` varchar(100) DEFAULT NULL COMMENT '链接地址',
  `icon` varchar(64) DEFAULT NULL COMMENT '节点图标',
  `create_time` datetime DEFAULT NULL COMMENT '创建时间',
  `update_man_id` char(32) DEFAULT NULL COMMENT '更新人ID',
  `update_time` datetime DEFAULT NULL COMMENT '最后更新时间',
  `isleaf` tinyint(1) DEFAULT NULL COMMENT '是否有叶子',
  `iconcls` varchar(64) DEFAULT NULL COMMENT '节点图标CSS类名',
  `expanded` tinyint(1) DEFAULT NULL COMMENT '是否扩展（1-代表扩展，0代表收缩）',
  `enabled` tinyint(1) DEFAULT NULL COMMENT '状态',
  `description` text COMMENT '备注',
  `priority` int(11) DEFAULT NULL COMMENT '排序',
  `create_man_id` char(32) DEFAULT NULL COMMENT '创建人ID',
  `pid` char(32) DEFAULT NULL COMMENT '父节点',
  PRIMARY KEY (`id`)
) ENGINE=MyISAM DEFAULT CHARSET=utf8 COMMENT='系统菜单表';
/*!40101 SET character_set_client = @saved_cs_client */;

--
-- Dumping data for table `sys_menu`
--

LOCK TABLES `sys_menu` WRITE;
/*!40000 ALTER TABLE `sys_menu` DISABLE KEYS */;
INSERT INTO `sys_menu` VALUES ('402880f33e3ae38d013e3b2511250009','DICTIONARY_MANAGE','数据字典','sys/dictionary/manage',NULL,'2013-04-24 00:00:00',NULL,'2013-12-16 16:17:11',NULL,NULL,NULL,1,NULL,6,'297ea07f3df89479013df895251d0001','297ea07f3da06a5e013da098bf150001'),('4028d981494f5aa601494f60ecfc000a','MARKET_MANAGE','营销信息管理',NULL,'images/icons/briefcase.png','2014-10-27 10:13:12','402882be46404313014640b7eb1c000f','2014-12-21 23:03:33',NULL,NULL,NULL,NULL,NULL,10,'402882be46404313014640b7eb1c000f','297ea07f3f7e6920013f7e6b2e3c0002'),('297ea07f3da06a5e013da09a94cf0004','MENU_MANAGE','菜单管理','sys/menu/manage','images/icons/plugins48.png','2013-03-25 04:11:58','402882be46404313014640b7eb1c000f','2014-12-21 23:08:52',NULL,NULL,NULL,1,NULL,5,'测试','297ea07f3da06a5e013da098bf150001'),('297ea07f3da06a5e013da099ebcd0003','ROLE_MANAGE','角色管理','sys/role/manage','images/icons/themes8.png','2013-03-25 04:11:14','402882be46404313014640b7eb1c000f','2014-12-21 23:08:36',NULL,NULL,NULL,1,NULL,4,'测试','297ea07f3da06a5e013da098bf150001'),('297ea07f3da06a5e013da09960e30002','USER_MANAGE','用户管理','sys/user/manage','images/icons/46.png','2013-03-25 00:00:00','402882be46404313014640b7eb1c000f','2014-12-21 23:08:26',NULL,NULL,NULL,1,NULL,3,'测试','297ea07f3da06a5e013da098bf150001'),('297ea07f3da06a5e013da098bf150001','SYSTEM_MANAGE','系统管理',NULL,'images/icons/l-sjzx.png','2013-03-25 04:09:57',NULL,'2013-07-18 16:58:19',NULL,NULL,NULL,1,NULL,17,'测试','297ea07f3f7e6920013f7e6b2e3c0002'),('297ea07f3e35f0a0013e35f8a5e00001','LOG_MANAGE','日志管理','sys/log/manage','images/icons/9.png','2013-04-23 16:18:08','402882be46404313014640b7eb1c000f','2015-01-08 16:34:37',NULL,NULL,NULL,1,NULL,1,'297ea07f3df89479013df895251d0001','297ea07f3da06a5e013da098bf150001'),('297ea07f3da06a5e013da0aee03e0005','POWER_MANAGE','权限管理','sys/power/manage','images/icons/22.png','2013-03-25 04:34:08','402882be46404313014640b7eb1c000f','2014-12-21 23:08:16',NULL,NULL,NULL,1,NULL,2,'测试','297ea07f3da06a5e013da098bf150001'),('297ea07f3f7e6920013f7e6b2e3c0002','SYSTEM','VDI云管理平台',NULL,NULL,'2013-06-26 10:58:40','402882be46404313014640b7eb1c000f','2015-01-01 15:37:12',NULL,NULL,NULL,1,NULL,1,'297ea07f3df89479013df895251d0001',NULL),('402890f03feb8eb5013feb9598640003','OVERVIEW_MANAGE','总览','bus/overview/manage','images/icons/sys_store.png','2013-07-17 03:43:36','402882be46404313014640b7eb1c000f','2014-12-21 23:02:58',NULL,NULL,NULL,1,NULL,1,'297ea07f3df89479013df895251d0001','297ea07f3f7e6920013f7e6b2e3c0002'),('4028888e49cc3b620149cc5540ee00fa','FACTORYINFO_MANAGE','厂家信息管理','bus/factoryInfo/manage','images/icons/rss.png','2014-11-20 16:32:59','402882be46404313014640b7eb1c000f','2014-12-21 23:07:16',NULL,NULL,NULL,NULL,NULL,3,'402882be46404313014640b7eb1c000f','4028888e49cc3b620149cc52cbc900f7'),('4028888e49cc3b620149cc56b64800fc','PRODUCTTYPE_MANAGE','产品分类管理','bus/productType/manage','images/icons/play.png','2014-11-20 16:34:35','402882be46404313014640b7eb1c000f','2014-12-21 23:06:30',NULL,NULL,NULL,NULL,NULL,2,'402882be46404313014640b7eb1c000f','4028888e49cc3b620149cc52cbc900f7'),('297ea07f40516d39014051bbae940001','ICON_MANAGE','图标管理','sys/icon/manage','images/icons/comments8.png','2013-08-06 11:46:28','402882be46404313014640b7eb1c000f','2015-01-08 23:03:55',NULL,NULL,NULL,1,NULL,7,NULL,'297ea07f3da06a5e013da098bf150001'),('402882be464c0a0e01464c4f58ed0001','AUTH_MANAGE','注册认证管理','sys/auth/manage',NULL,'2014-05-30 16:46:46',NULL,NULL,NULL,NULL,1,NULL,NULL,10,'402882be46404313014640b7eb1c000f','297ea07f3da06a5e013da098bf150001'),('4028888e49cc3b620149cc52cbc900f7','SUPPLY_GOOD_MANAGE','货源信息管理',NULL,'images/icons/l-jq.png','2014-11-20 16:30:18','402882be46404313014640b7eb1c000f','2014-12-21 23:06:04',NULL,NULL,NULL,NULL,NULL,15,'402882be46404313014640b7eb1c000f','297ea07f3f7e6920013f7e6b2e3c0002'),('4028888e49cc3b620149cc4028dc0005','ORDER_MANAGE','订单信息管理','bus/order/manage','images/icons/sale.png','2014-11-20 16:09:57','402882be46404313014640b7eb1c000f','2015-01-21 22:53:25',NULL,NULL,NULL,NULL,NULL,3,'402882be46404313014640b7eb1c000f','4028d981494f5aa601494f60ecfc000a'),('4028888e49d058530149d05a687a0002','PRODUCT_MANAGE','产品管理','bus/product/manage','images/icons/18.png','2014-11-21 11:17:06','402882be46404313014640b7eb1c000f','2014-12-21 23:06:16',NULL,NULL,NULL,NULL,NULL,1,'402882be46404313014640b7eb1c000f','4028888e49cc3b620149cc52cbc900f7'),('4028d9814a6d50f1014a6d56d4850074','INVOICING_SUMMARY','进销存汇总',NULL,'images/icons/chart.png','2014-12-21 22:53:34','402882be46404313014640b7eb1c000f','2014-12-21 22:59:04',NULL,NULL,NULL,NULL,NULL,16,'402882be46404313014640b7eb1c000f','297ea07f3f7e6920013f7e6b2e3c0002'),('4028d9814a6d50f1014a6d5d00fb0077','PRODUCTSALES_SUMMARY','产品销量汇总','bus/summary/productSales/manage','images/icons/article48.png','2014-12-21 23:00:19','402882be46404313014640b7eb1c000f','2014-12-21 23:10:17',NULL,NULL,NULL,NULL,NULL,1,'402882be46404313014640b7eb1c000f','4028d9814a6d50f1014a6d56d4850074'),('4028d9814adc1ba0014adc1db9d90002','CUSTOMER_MANAGE','客户信息管理','bus/customer/manage','images/icons/46.png','2015-01-12 11:09:03',NULL,NULL,NULL,NULL,1,NULL,NULL,4,'402882be46404313014640b7eb1c000f','4028888e49cc3b620149cc52cbc900f7'),('4028d9814af28328014af32663aa0006','PLUGIN_MANAGE','插件下载管理','sys/plugin/manage','images/icons/43.png','2015-01-16 22:29:46',NULL,NULL,NULL,NULL,1,NULL,NULL,12,'402882be46404313014640b7eb1c000f','297ea07f3da06a5e013da098bf150001'),('4028d9814b17de71014b17e6ec4b0003','PRODUCE_MANAGE','生产单管理','bus/produce/manage','images/icons/transfer.png','2015-01-24 01:46:24',NULL,NULL,NULL,NULL,1,NULL,NULL,4,'402882be46404313014640b7eb1c000f','4028d981494f5aa601494f60ecfc000a'),('4028d9814aa3d39e014aa3d617580002','SYSTEM_CONFIG_MANAGE','系统配置管理','sys/settings/manage','images/icons/5.png','2015-01-01 12:52:04','402882be46404313014640b7eb1c000f','2015-01-01 15:47:18',NULL,NULL,NULL,NULL,NULL,11,'402882be46404313014640b7eb1c000f','297ea07f3da06a5e013da098bf150001');
/*!40000 ALTER TABLE `sys_menu` ENABLE KEYS */;
UNLOCK TABLES;

--
-- Table structure for table `sys_power`
--

DROP TABLE IF EXISTS `sys_power`;
/*!40101 SET @saved_cs_client     = @@character_set_client */;
/*!40101 SET character_set_client = utf8 */;
CREATE TABLE `sys_power` (
  `id` char(32) NOT NULL COMMENT 'ID',
  `name` varchar(64) DEFAULT NULL COMMENT '名称',
  `code` varchar(64) DEFAULT NULL COMMENT '编码',
  `menu_id` char(32) DEFAULT NULL COMMENT '所属模块',
  `enabled` tinyint(1) DEFAULT NULL COMMENT '状态',
  `description` text COMMENT '备注',
  `url` varchar(100) DEFAULT NULL,
  `priority` int(11) DEFAULT NULL COMMENT '排序',
  `create_time` datetime DEFAULT NULL COMMENT '创建时间',
  `create_man_id` char(32) DEFAULT NULL COMMENT '创建人',
  `update_man_id` char(32) DEFAULT NULL COMMENT '更新人',
  `update_time` datetime DEFAULT NULL COMMENT '更新时间',
  PRIMARY KEY (`id`)
) ENGINE=MyISAM DEFAULT CHARSET=utf8 COMMENT='系统操作表';
/*!40101 SET character_set_client = @saved_cs_client */;

--
-- Dumping data for table `sys_power`
--

LOCK TABLES `sys_power` WRITE;
/*!40000 ALTER TABLE `sys_power` DISABLE KEYS */;
INSERT INTO `sys_power` VALUES ('4028820744b428f30144b5765c4b0014','删除','OSVERSION_DELETE','4028820744b428f30144b5737e44000e',NULL,NULL,NULL,NULL,'2014-03-12 16:43:56','297ea07f3df89479013df895251d0001',NULL,NULL),('4028820744b428f30144b576a5210016','取消','OSVERSION_CANCEL','4028820744b428f30144b5737e44000e',NULL,NULL,NULL,NULL,'2014-03-12 16:44:15','297ea07f3df89479013df895251d0001',NULL,NULL),('297ea07f3e346d19013e346e4bb70001','用户删除','USER_DEL','297ea07f3da06a5e013da09960e30002',NULL,NULL,'sys/user/delete',NULL,'2013-04-23 09:07:23','测试','402882be46404313014640b7eb1c000f','2015-01-09 22:25:54'),('297ea07f3e34a15b013e34a1e4260001','用户取消','USER_CANCEL','297ea07f3da06a5e013da09960e30002',NULL,NULL,NULL,NULL,'2013-04-23 10:03:45','测试','297ea07f3df89479013df895251d0001','2013-08-05 15:21:30'),('297ea07f422b5f8401422b6029390001','更新','MODULE_UPDATE','297ea07f3feb8b3a013fec311d73002c',NULL,NULL,NULL,NULL,'2013-11-06 00:00:00',NULL,NULL,'2013-12-16 15:30:55'),('297ea07f3e359d13013e359fe4af0003','用户新增','USER_ADD','297ea07f3da06a5e013da09960e30002',NULL,NULL,'sys/user/savetoAdd',NULL,'2013-04-23 02:41:38','297ea07f3df89479013df895251d0001','402882be46404313014640b7eb1c000f','2015-01-09 22:25:37'),('297ea07f3e359d13013e35a15ecc0004','用户编辑','USER_EDIT','297ea07f3da06a5e013da09960e30002',NULL,NULL,'sys/user/savetoUpdate',NULL,'2013-04-23 02:42:48','297ea07f3df89479013df895251d0001','402882be46404313014640b7eb1c000f','2015-01-09 22:25:47'),('402880e73f3b3caa013f3c5278990014','新增','MENU_ADD','297ea07f3da06a5e013da09a94cf0004',NULL,NULL,'sys/menu/savetoAdd',NULL,'2013-06-13 00:00:00','297ea07f3df89479013df895251d0001','402882be46404313014640b7eb1c000f','2015-01-09 22:30:13'),('297ea07f3fc27b1a013fc283e7c30004','新增','ROLE_ADD','297ea07f3da06a5e013da099ebcd0003',NULL,NULL,'sys/role/savetoAdd',NULL,'2013-07-09 00:00:00','297ea07f3df89479013df895251d0001','402882be46404313014640b7eb1c000f','2015-01-09 22:28:52'),('4028803c41243da901425956bf8f000b','新增','MODULE_ADD','297ea07f3feb8b3a013fec311d73002c',NULL,NULL,NULL,NULL,'2013-11-15 00:00:00',NULL,NULL,'2013-12-16 15:30:42'),('4028888e49cc3b620149cc5767e800fe','新增','FACTORY_ADD','4028888e49cc3b620149cc5540ee00fa',NULL,NULL,'bus/factoryInfo/savetoAdd',NULL,'2014-11-20 16:35:20','402882be46404313014640b7eb1c000f','402882be46404313014640b7eb1c000f','2015-01-09 22:21:41'),('4028888e49cc3b620149cc57ecec0100','编辑','FACTORY_EDIT','4028888e49cc3b620149cc5540ee00fa',NULL,NULL,'bus/factoryInfo/savetoUpdate',NULL,'2014-11-20 16:35:54','402882be46404313014640b7eb1c000f','402882be46404313014640b7eb1c000f','2015-01-09 22:21:55'),('4028888e49cc3b620149cc584a170102','删除','FACTORY_DELETE','4028888e49cc3b620149cc5540ee00fa',NULL,NULL,'bus/factoryInfo/delete',NULL,'2014-11-20 16:36:18','402882be46404313014640b7eb1c000f','402882be46404313014640b7eb1c000f','2015-01-09 22:22:02'),('402882a542fa2d9f0142fa4a77fa0029','新增','TACTICS_ADD','402890f03feb8eb5013feb9e96c60017',NULL,NULL,NULL,NULL,'2013-12-16 00:00:00',NULL,NULL,'2013-12-16 16:39:21'),('402882a542fa2d9f0142fa4af7a1002c','更新','TACTICS_UPDATE','402890f03feb8eb5013feb9e96c60017',NULL,NULL,NULL,NULL,'2013-12-16 15:24:46',NULL,NULL,NULL),('402882a542fa2d9f0142fa4b81db002e','删除','TACTICS_DELETE','402890f03feb8eb5013feb9e96c60017',NULL,NULL,NULL,NULL,'2013-12-16 15:25:21',NULL,NULL,NULL),('402882a542fa2d9f0142fa4cd40b0032','新增','STOR_ADD','402890f03feb8eb5013feba2fa900019',NULL,NULL,NULL,NULL,'2013-12-16 15:26:48',NULL,NULL,NULL),('402882a542fa2d9f0142fa4d1b4d0034','更新','STOR_UPDATE','402890f03feb8eb5013feba2fa900019',NULL,NULL,NULL,NULL,'2013-12-16 15:27:06',NULL,NULL,NULL),('402882a542fa2d9f0142fa4d79c60036','删除','STOR_DELETE','402890f03feb8eb5013feba2fa900019',NULL,NULL,NULL,NULL,'2013-12-16 15:27:30',NULL,NULL,NULL),('402882a542fa2d9f0142fa513013003e','删除','MODULE_DELETE','297ea07f3feb8b3a013fec311d73002c',NULL,NULL,NULL,NULL,'2013-12-16 15:31:34',NULL,NULL,NULL),('402882a542fa2d9f0142fa5cb32c006e','取消','POWER_CANCEL','297ea07f3da06a5e013da0aee03e0005',NULL,NULL,NULL,NULL,'2013-12-16 15:44:08',NULL,NULL,NULL),('402882a542fa2d9f0142fa568f3a0055','新增','POWER_ADD','297ea07f3da06a5e013da0aee03e0005',NULL,NULL,'sys/power/savetoAdd',NULL,'2013-12-16 15:37:26',NULL,'402882be46404313014640b7eb1c000f','2015-01-09 22:24:34'),('402882a542fa2d9f0142fa56c2fb0057','更新','POWER_UPDATE','297ea07f3da06a5e013da0aee03e0005',NULL,NULL,'sys/power/savetoUpdate',NULL,'2013-12-16 15:37:39',NULL,'402882be46404313014640b7eb1c000f','2015-01-09 22:24:55'),('402882a542fa2d9f0142fa56fa3a0059','删除','POWER_DELETE','297ea07f3da06a5e013da0aee03e0005',NULL,NULL,'sys/power/delete',NULL,'2013-12-16 15:37:53',NULL,'402882be46404313014640b7eb1c000f','2015-01-09 22:25:09'),('402882a542ff39ce0142ff3dcc000003','密码初始化','USER_RESET','297ea07f3da06a5e013da09960e30002',NULL,NULL,'sys/user/pwdReset',NULL,'2013-12-17 14:28:29','297ea07f3df89479013df895251d0001','402882be46404313014640b7eb1c000f','2015-01-09 22:26:33'),('402882a542ff39ce0142ff98687300c2','排序','DICTIONARY_SORT','402880f33e3ae38d013e3b2511250009',NULL,NULL,NULL,NULL,'2013-12-17 16:07:27','297ea07f3df89479013df895251d0001',NULL,NULL),('402882a542fa2d9f0142fa657141007b','更新','ROLE_UPDATE','297ea07f3da06a5e013da099ebcd0003',NULL,NULL,'sys/role/savetoUpdate',NULL,'2013-12-16 15:53:41',NULL,'402882be46404313014640b7eb1c000f','2015-01-09 22:29:04'),('402882a542fa2d9f0142fa65a09a007d','删除','ROLE_DELETE','297ea07f3da06a5e013da099ebcd0003',NULL,NULL,'sys/role/delete',NULL,'2013-12-16 15:53:53',NULL,'402882be46404313014640b7eb1c000f','2015-01-09 22:29:14'),('402882a542fa2d9f0142fa66642f0081','取消','ROLE_CANCEL','297ea07f3da06a5e013da099ebcd0003',NULL,NULL,NULL,NULL,'2013-12-16 15:54:43',NULL,NULL,NULL),('402882a542ff39ce0142ff9818ea00c0','排序','MENU_SORT','297ea07f3da06a5e013da09a94cf0004',NULL,NULL,NULL,NULL,'2013-12-17 16:07:07','297ea07f3df89479013df895251d0001',NULL,NULL),('402882a542fa2d9f0142fa67520a0086','更新','MENU_UPDATE','297ea07f3da06a5e013da09a94cf0004',NULL,NULL,'sys/menu/savetoUpdate',NULL,'2013-12-16 15:55:44',NULL,'402882be46404313014640b7eb1c000f','2015-01-09 22:30:26'),('402882a542fa2d9f0142fa6788950088','删除','MENU_DELETE','297ea07f3da06a5e013da09a94cf0004',NULL,NULL,'sys/menu/delete',NULL,'2013-12-16 15:55:58',NULL,'402882be46404313014640b7eb1c000f','2015-01-09 22:30:33'),('402882a542fa2d9f0142fa681215008c','取消','MENU_CANCEL','297ea07f3da06a5e013da09a94cf0004',NULL,NULL,NULL,NULL,'2013-12-16 15:56:33',NULL,NULL,NULL),('402882a542fa2d9f0142fa686b09008e','保存','MENU_SAVE','297ea07f3da06a5e013da09a94cf0004',NULL,NULL,NULL,NULL,'2013-12-16 15:56:56',NULL,NULL,NULL),('402882a542fa2d9f0142fa693feb0092','展开','MENU_EXPAND','297ea07f3da06a5e013da09a94cf0004',NULL,NULL,NULL,NULL,'2013-12-16 00:00:00',NULL,NULL,'2013-12-17 14:26:40'),('402882a542fa2d9f0142fa69a7650094','收缩','MENU_SHRINK','297ea07f3da06a5e013da09a94cf0004',NULL,NULL,NULL,NULL,'2013-12-16 00:00:00',NULL,NULL,'2013-12-17 14:26:03'),('402882a542fa2d9f0142fa6a1f710096','新增','DICTIONARY_ADD','402880f33e3ae38d013e3b2511250009',NULL,NULL,NULL,NULL,'2013-12-16 00:00:00',NULL,NULL,'2013-12-17 14:26:03'),('402882a542fa2d9f0142fa6a58560098','更新','DICTIONARY_UPDATE','402880f33e3ae38d013e3b2511250009',NULL,NULL,NULL,NULL,'2013-12-16 15:59:02',NULL,NULL,NULL),('402882a542fa2d9f0142fa6a9a17009a','删除','DICTIONARY_DELETE','402880f33e3ae38d013e3b2511250009',NULL,NULL,NULL,NULL,'2013-12-16 15:59:19',NULL,NULL,NULL),('402882a542fa2d9f0142fa6b7333009e','取消','DICTIONARY_CANCEL','402880f33e3ae38d013e3b2511250009',NULL,NULL,NULL,NULL,'2013-12-16 16:00:15',NULL,NULL,'2013-12-16 16:44:58'),('402882a542fa2d9f0142fa6bbf9400a0','保存','DICTIONARY_SAVE','402880f33e3ae38d013e3b2511250009',NULL,NULL,NULL,NULL,'2013-12-16 00:00:00',NULL,NULL,'2013-12-16 16:39:32'),('402882a542fa2d9f0142fa6c32a000a2','展开','DICTIONARY_EXPAND','402880f33e3ae38d013e3b2511250009',NULL,NULL,NULL,NULL,'2013-12-16 00:00:00',NULL,NULL,'2013-12-16 16:39:58'),('402882a542fa2d9f0142fa6c7fe300a4','收缩','DICTIONARY_SHRINK','402880f33e3ae38d013e3b2511250009',NULL,NULL,NULL,NULL,'2013-12-16 00:00:00',NULL,NULL,'2013-12-16 16:39:27'),('402882a542fa2d9f0142fa6d0b8000a6','新增','ICON_ADD','297ea07f40516d39014051bbae940001',NULL,NULL,'sys/icon/savetoAdd',NULL,'2013-12-16 12:00:00',NULL,'402882be46404313014640b7eb1c000f','2015-01-09 22:31:18'),('402882a542fa2d9f0142fa6d6cdc00a8','删除','ICON_DELETE','297ea07f40516d39014051bbae940001',NULL,NULL,'sys/icon/delete',NULL,'2013-12-16 00:00:00',NULL,'402882be46404313014640b7eb1c000f','2015-01-09 22:31:27'),('4028820744b428f30144b575724f0010','新增','OSVERSION_ADD','4028820744b428f30144b5737e44000e',NULL,NULL,NULL,NULL,'2014-03-12 16:42:56','297ea07f3df89479013df895251d0001',NULL,NULL),('4028820744b428f30144b575f9440012','更新','OSVERSION_UPDATE','4028820744b428f30144b5737e44000e',NULL,NULL,NULL,NULL,'2014-03-12 16:43:31','297ea07f3df89479013df895251d0001',NULL,NULL),('4028888e49d001580149d006b1f60003','新增','PRODUCTTYPE_ADD','4028888e49cc3b620149cc56b64800fc',NULL,NULL,'bus/productType/savetoAdd',NULL,'2014-11-21 09:45:40','402882be46404313014640b7eb1c000f','402882be46404313014640b7eb1c000f','2015-01-09 22:19:51'),('4028888e49d001580149d006e7a90005','删除','PRODUCTTYPE_DELETE','4028888e49cc3b620149cc56b64800fc',NULL,NULL,'bus/productType/delete',NULL,'2014-11-21 09:45:53','402882be46404313014640b7eb1c000f','402882be46404313014640b7eb1c000f','2015-01-09 22:19:59'),('4028888e49d001580149d007288c0007','编辑','PRODUCTTYPE_UPDATE','4028888e49cc3b620149cc56b64800fc',NULL,NULL,'bus/productType/savetoUpdate',NULL,'2014-11-21 09:46:10','402882be46404313014640b7eb1c000f','402882be46404313014640b7eb1c000f','2015-01-09 22:20:36'),('4028888e49d001580149d00764c00009','取消','PRODUCTTYPE_CANCEL','4028888e49cc3b620149cc56b64800fc',NULL,NULL,NULL,NULL,'2014-11-21 09:46:25','402882be46404313014640b7eb1c000f',NULL,NULL),('4028888e49d058530149d05b18b70004','新增','PRODUCT_ADD','4028888e49d058530149d05a687a0002',NULL,NULL,'bus/product/savetoAdd',NULL,'2014-11-21 11:17:51','402882be46404313014640b7eb1c000f','402882be46404313014640b7eb1c000f','2015-01-09 22:14:17'),('4028888e49d058530149d05b8c200006','编辑','PRODUCT_EDIT','4028888e49d058530149d05a687a0002',NULL,NULL,'bus/product/savetoUpdate',NULL,'2014-11-21 11:18:20','402882be46404313014640b7eb1c000f','402882be46404313014640b7eb1c000f','2015-01-09 22:05:47'),('4028888e49d058530149d05bdddf0008','删除','PRODUCT_DELETE','4028888e49d058530149d05a687a0002',NULL,NULL,'bus/product/delete',NULL,'2014-11-21 11:18:41','402882be46404313014640b7eb1c000f','402882be46404313014640b7eb1c000f','2015-01-09 22:05:59'),('4028d98149d2bf470149d2c235070002','取消','PRODUCT_CANCEL','4028888e49d058530149d05a687a0002',NULL,NULL,NULL,NULL,'2014-11-21 22:29:43','402882be46404313014640b7eb1c000f',NULL,NULL),('4028d98149d5445f0149d54bfe900002','添加产品分类','PRODUCTTYPE_IN','4028888e49cc3b620149cc56b64800fc',NULL,NULL,NULL,NULL,'2014-11-22 10:19:27','402882be46404313014640b7eb1c000f','402882be46404313014640b7eb1c000f','2014-11-24 12:53:34'),('4028888e49df4da30149df57b75e0003','去除产品分类','PRODUCTTYPE_OUT','4028888e49cc3b620149cc56b64800fc',NULL,NULL,NULL,NULL,'2014-11-24 09:08:28','402882be46404313014640b7eb1c000f','402882be46404313014640b7eb1c000f','2014-11-24 12:53:28'),('4028888e49dfa6d80149dfa877380002','添加产品','PRODUCT_IN','4028888e49d058530149d05a687a0002',NULL,NULL,NULL,NULL,'2014-11-24 10:36:40','402882be46404313014640b7eb1c000f','402882be46404313014640b7eb1c000f','2014-11-24 12:52:53'),('4028888e49dfa6d80149dfa8f3340004','去除产品','PRODUCT_OUT','4028888e49d058530149d05a687a0002',NULL,NULL,NULL,NULL,'2014-11-24 10:37:11','402882be46404313014640b7eb1c000f','402882be46404313014640b7eb1c000f','2014-11-24 12:52:41'),('4028888e49e4f0c30149e4fe85780003','禁用','PRODUCT_DISABLE','4028888e49d058530149d05a687a0002',NULL,NULL,NULL,NULL,'2014-11-25 11:28:45','402882be46404313014640b7eb1c000f','402882be46404313014640b7eb1c000f','2015-01-09 22:17:20'),('4028888e49e4f0c30149e4ff07fa0005','启用','PRODUCT_ENABLE','4028888e49d058530149d05a687a0002',NULL,NULL,NULL,NULL,'2014-11-25 11:29:19','402882be46404313014640b7eb1c000f','402882be46404313014640b7eb1c000f','2015-01-09 22:14:58'),('4028888e49e4f0c30149e4ffb6c40007','禁用','PRODUCTTYPE_DISABLE','4028888e49cc3b620149cc56b64800fc',NULL,NULL,NULL,NULL,'2014-11-25 11:30:04','402882be46404313014640b7eb1c000f',NULL,NULL),('4028888e49e4f0c30149e5001fc20009','启用','PRODUCTTYPE_ENABLE','4028888e49cc3b620149cc56b64800fc',NULL,NULL,NULL,NULL,'2014-11-25 11:30:30','402882be46404313014640b7eb1c000f',NULL,NULL),('4028888e49e62c670149e62dd2d00002','禁用','FACTORY_DISABLE','4028888e49cc3b620149cc5540ee00fa',NULL,NULL,NULL,NULL,'2014-11-25 17:00:03','402882be46404313014640b7eb1c000f',NULL,NULL),('4028888e49e62c670149e62e58aa0004','启用','FACTORY_ENABLE','4028888e49cc3b620149cc5540ee00fa',NULL,NULL,NULL,NULL,'2014-11-25 17:00:37','402882be46404313014640b7eb1c000f',NULL,NULL),('4028888e49f4ba790149f5015668000a','保存','PRODUCT_SAVE','4028888e49d058530149d05a687a0002',NULL,NULL,NULL,NULL,'2014-11-28 14:05:45','402882be46404313014640b7eb1c000f','402882be46404313014640b7eb1c000f','2015-01-09 22:14:13'),('4028888e49f4ba790149f5030ae1000c','保存','PRODUCTTYPE_SAVE','4028888e49cc3b620149cc56b64800fc',NULL,NULL,NULL,NULL,'2014-11-28 14:07:37','402882be46404313014640b7eb1c000f',NULL,NULL),('4028d9814b0cfc2a014b0d0001fe0008','删除','ORDER_DELETE','4028888e49cc3b620149cc4028dc0005',NULL,NULL,'bus/order/delete',NULL,'2015-01-21 22:57:59','402882be46404313014640b7eb1c000f',NULL,NULL),('4028d9814b0cfc2a014b0d00602b000a','刷新','ORDER_REFRESH','4028888e49cc3b620149cc4028dc0005',NULL,NULL,NULL,NULL,'2015-01-21 22:58:23','402882be46404313014640b7eb1c000f',NULL,NULL),('4028d9814b0cfc2a014b0d00d06c000c','excel导出','ORDER_EXPORT','4028888e49cc3b620149cc4028dc0005',NULL,NULL,NULL,NULL,'2015-01-21 22:58:52','402882be46404313014640b7eb1c000f',NULL,NULL),('4028d9814b1275e3014b127b01b90002','产品增加','ORDER_PRODUCT_ADD','4028888e49cc3b620149cc4028dc0005',NULL,NULL,'bus/orderDetail/savetoAdd',NULL,'2015-01-23 00:30:26','402882be46404313014640b7eb1c000f','402882be46404313014640b7eb1c000f','2015-01-23 14:16:54'),('4028d9814b1275e3014b127b9dcc0004','产品编辑','ORDER_PRODUCT_UPDATE','4028888e49cc3b620149cc4028dc0005',NULL,NULL,'bus/orderDetail/savetoUpdate',NULL,'2015-01-23 00:31:06','402882be46404313014640b7eb1c000f','402882be46404313014640b7eb1c000f','2015-01-23 14:16:49'),('4028d9814b1275e3014b127c85a60006','产品删除','ORDER_PRODUCT_DELETE','4028888e49cc3b620149cc4028dc0005',NULL,NULL,'bus/orderDetail/delete',NULL,'2015-01-23 00:32:05','402882be46404313014640b7eb1c000f','402882be46404313014640b7eb1c000f','2015-01-23 14:16:40'),('4028d9814b1275e3014b12821a940009','产品保存','ORDER_PRODUCT_SAVE','4028888e49cc3b620149cc4028dc0005',NULL,NULL,NULL,NULL,'2015-01-23 00:38:11','402882be46404313014640b7eb1c000f',NULL,NULL),('4028d9814b1275e3014b1282a983000b','产品修改取消','ORDER_PRODUCT_CANCEL','4028888e49cc3b620149cc4028dc0005',NULL,NULL,NULL,NULL,'2015-01-23 00:38:47','402882be46404313014640b7eb1c000f',NULL,NULL),('4028d9814b38a40a014b38beb1b60002','添加实际数量','UPDATE_NUMBER','4028d9814b17de71014b17e6ec4b0003',NULL,NULL,NULL,NULL,'2015-01-30 10:49:56','402882be46404313014640b7eb1c000f',NULL,NULL),('4028d9814adc8f1e014adc9157b40006','删除','CUSTOMER_DELETE','4028d9814adc1ba0014adc1db9d90002',NULL,NULL,'bus/customer/delete',NULL,'2015-01-12 13:15:20','402882be46404313014640b7eb1c000f',NULL,NULL),('4028d9814adc8f1e014adc91c4760008','禁用','CUSTOMER_DISABLE','4028d9814adc1ba0014adc1db9d90002',NULL,NULL,NULL,NULL,'2015-01-12 13:15:48','402882be46404313014640b7eb1c000f',NULL,NULL),('4028d9814adc8f1e014adc92168c000a','选择启用客户','CUSTOMER_ENABLE','4028d9814adc1ba0014adc1db9d90002',NULL,NULL,NULL,NULL,'2015-01-12 13:16:09','402882be46404313014640b7eb1c000f',NULL,NULL),('4028d9814b0cfc2a014b0cfdbe820002','制单','ORDER_ADD','4028888e49cc3b620149cc4028dc0005',NULL,NULL,'bus/order/savetoAdd',NULL,'2015-01-21 22:55:30','402882be46404313014640b7eb1c000f','402882be46404313014640b7eb1c000f','2015-01-23 00:32:59'),('4028d9814b0cfc2a014b0cfec1e80004','编辑','ORDER_EDIT','4028888e49cc3b620149cc4028dc0005',NULL,NULL,'bus/order/savetoUpdate',NULL,'2015-01-21 22:56:37','402882be46404313014640b7eb1c000f','402882be46404313014640b7eb1c000f','2015-01-21 22:57:17'),('4028d9814adc8f1e014adc9051e10002','新增','CUSTOMER_ADD','4028d9814adc1ba0014adc1db9d90002',NULL,NULL,'bus/customer/savetoAdd',NULL,'2015-01-12 13:14:13','402882be46404313014640b7eb1c000f',NULL,NULL),('4028d9814adc8f1e014adc90e72a0004','编辑','CUSTOMER_EDIT','4028d9814adc1ba0014adc1db9d90002',NULL,NULL,'bus/customer/savetoUpdate',NULL,'2015-01-12 13:14:51','402882be46404313014640b7eb1c000f',NULL,NULL);
/*!40000 ALTER TABLE `sys_power` ENABLE KEYS */;
UNLOCK TABLES;

--
-- Table structure for table `sys_role`
--

DROP TABLE IF EXISTS `sys_role`;
/*!40101 SET @saved_cs_client     = @@character_set_client */;
/*!40101 SET character_set_client = utf8 */;
CREATE TABLE `sys_role` (
  `id` char(32) NOT NULL COMMENT '角色ID',
  `code` varchar(64) DEFAULT NULL COMMENT '角色编码',
  `name` varchar(64) DEFAULT NULL COMMENT '角色名称',
  `description` text COMMENT '备注',
  `enabled` tinyint(1) DEFAULT NULL COMMENT '状态',
  `priority` int(11) DEFAULT NULL COMMENT '排序',
  `create_man_id` char(32) DEFAULT NULL COMMENT '创建人',
  `create_time` datetime DEFAULT NULL COMMENT '创建时间',
  `update_man_id` char(32) DEFAULT NULL COMMENT '最后更新人',
  `update_time` datetime DEFAULT NULL COMMENT '最后更新时间',
  PRIMARY KEY (`id`)
) ENGINE=MyISAM DEFAULT CHARSET=utf8 COMMENT='系统角色表';
/*!40101 SET character_set_client = @saved_cs_client */;

--
-- Dumping data for table `sys_role`
--

LOCK TABLES `sys_role` WRITE;
/*!40000 ALTER TABLE `sys_role` DISABLE KEYS */;
INSERT INTO `sys_role` VALUES ('297ea07f3da970a6013daa018581000c','super','超级管理员',NULL,NULL,NULL,'测试','2013-03-27 00:00:59','402882be46404313014640b7eb1c000f','2015-01-23 00:13:07');
/*!40000 ALTER TABLE `sys_role` ENABLE KEYS */;
UNLOCK TABLES;

--
-- Table structure for table `sys_settings`
--

DROP TABLE IF EXISTS `sys_settings`;
/*!40101 SET @saved_cs_client     = @@character_set_client */;
/*!40101 SET character_set_client = utf8 */;
CREATE TABLE `sys_settings` (
  `id` char(32) NOT NULL,
  `code` varchar(32) DEFAULT NULL,
  `name` varchar(128) DEFAULT NULL,
  `value` varchar(256) DEFAULT NULL,
  `group_name` varchar(64) DEFAULT NULL,
  `editor` varchar(64) DEFAULT NULL,
  PRIMARY KEY (`id`)
) ENGINE=MyISAM DEFAULT CHARSET=utf8;
/*!40101 SET character_set_client = @saved_cs_client */;

--
-- Dumping data for table `sys_settings`
--

LOCK TABLES `sys_settings` WRITE;
/*!40000 ALTER TABLE `sys_settings` DISABLE KEYS */;
INSERT INTO `sys_settings` VALUES ('1','email_account','邮箱',NULL,'邮箱设置','text'),('2','email_username','邮箱账号','','邮箱设置','text'),('3','email_password','邮箱密码',NULL,'邮箱设置','text'),('4','email_port','PORT',NULL,'邮箱设置','text'),('5','email_smtp','SMTP',NULL,'邮箱设置','text'),('7','online_count_times','统计在线用户数量时间间隔（秒）','300','统计设置','text'),('6','play_again_times','点播同一影片再次计费时间间隔（秒）','0','点播设置','text'),('11','socket_ip','负载均衡服务器IP','192.168.41.229','点播负载均衡','text'),('12','socket_port','负载均衡服务器端口','5830','点播负载均衡','text'),('13','socket_timeout','负载均衡服务器连接超时','10000','点播负载均衡','text'),('21','image_host','图片服务器','http://192.168.41.229:8080/mediaCenter','图片服务器','text'),('31','cloud_storage_host','云盘系统地址','http://192.168.8.115/CloudDisk','云盘系统','text'),('32','cloud_storage_sid_key','云盘系统KEY','[hgrsanlogic5034r','云盘系统','text'),('14','socket_strategy','负载均衡策略（1、2、3分别代表轮询策略、比率策略和优先级策略）','1','点播负载均衡','text'),('41','film_release_ip','影片发布IP','192.168.41.227','影片发布','text'),('42','film_release_port','影片发布端口','7713','影片发布','text'),('43','film_release_timeout','影片发布链接超时','10000','影片发布','text'),('33','cloud_storage_default_capacity','云盘默认容量（GB）','16','云盘系统','text'),('34','cloud_storage_price','云盘单价（元/GB）','1','云盘系统','text'),('51','drawing_price','渲染单价（元/小时/台）','10','渲染服务','text');
/*!40000 ALTER TABLE `sys_settings` ENABLE KEYS */;
UNLOCK TABLES;

--
-- Table structure for table `sys_user`
--

DROP TABLE IF EXISTS `sys_user`;
/*!40101 SET @saved_cs_client     = @@character_set_client */;
/*!40101 SET character_set_client = utf8 */;
CREATE TABLE `sys_user` (
  `id` char(32) NOT NULL COMMENT '用户ID',
  `code` varchar(64) DEFAULT NULL COMMENT '用户编码',
  `username` varchar(32) DEFAULT NULL COMMENT '用户帐号',
  `password` varchar(64) DEFAULT NULL COMMENT '用户密码',
  `realname` varchar(64) DEFAULT NULL COMMENT '用户中文名称',
  `email` varchar(100) DEFAULT NULL COMMENT '电子邮件',
  `telphone` varchar(20) DEFAULT NULL COMMENT '手机号码',
  `description` text COMMENT '备注',
  `issys` tinyint(1) DEFAULT NULL COMMENT '是否是系统管理员',
  `enabled` tinyint(1) DEFAULT NULL COMMENT '状态',
  `priority` int(11) DEFAULT NULL COMMENT '排序',
  `create_man_id` char(32) DEFAULT NULL COMMENT '创建人',
  `create_time` datetime DEFAULT NULL COMMENT '创建时间',
  `update_man_id` char(32) DEFAULT NULL COMMENT '最后更新人',
  `update_time` datetime DEFAULT NULL COMMENT '最后更新时间',
  PRIMARY KEY (`id`)
) ENGINE=MyISAM DEFAULT CHARSET=utf8 COMMENT='系统用户表';
/*!40101 SET character_set_client = @saved_cs_client */;

--
-- Dumping data for table `sys_user`
--

LOCK TABLES `sys_user` WRITE;
/*!40000 ALTER TABLE `sys_user` DISABLE KEYS */;
INSERT INTO `sys_user` VALUES ('402882be46404313014640b7eb1c000f',NULL,'super','7cf89929244d8c1ca0f053dfad7c34b4','超级管理员',NULL,NULL,NULL,NULL,NULL,NULL,NULL,NULL,'402882be46404313014640b7eb1c000f','2014-11-28 14:30:09');
/*!40000 ALTER TABLE `sys_user` ENABLE KEYS */;
UNLOCK TABLES;
/*!40103 SET TIME_ZONE=@OLD_TIME_ZONE */;

/*!40101 SET SQL_MODE=@OLD_SQL_MODE */;
/*!40014 SET FOREIGN_KEY_CHECKS=@OLD_FOREIGN_KEY_CHECKS */;
/*!40014 SET UNIQUE_CHECKS=@OLD_UNIQUE_CHECKS */;
/*!40101 SET CHARACTER_SET_CLIENT=@OLD_CHARACTER_SET_CLIENT */;
/*!40101 SET CHARACTER_SET_RESULTS=@OLD_CHARACTER_SET_RESULTS */;
/*!40101 SET COLLATION_CONNECTION=@OLD_COLLATION_CONNECTION */;
/*!40111 SET SQL_NOTES=@OLD_SQL_NOTES */;

-- Dump completed on 2015-02-22 11:52:34
